log_id,intention_id,title,category,motivation,date_created,event_date,event_type,hours_spent,perceived_importance,urgency,personal_interest,career_relevance,estimated_effort_hours,has_deadline,deadline_date,note
1,172,Call an old friend,Relationship,Creative expression,2023-07-12,05/08/2023,Research,0.6,2.0,1.0,3.0,1.0,14.4,False,,
2,21,start meditating daily,fitness/health,Health & wellbeing,05-20-2024,20/05/2024,created,0.0,1.0,2.0,2.0,1.0,7.1,True,2024-06-15,
3,309,Plan a weekend getaway, Travel,Obligation / should-do,03-07-2025,04-18-2025,delayed,0.0,3.0,4.0,5.0,1.0,,FALSE,,Lack of time
4,33,Compare insurance providers,Financial,Financial security,2025-06-12,2025/06/12,New,0.0,,3.0,4.0,,19.4,no,,
5,287,Plan a road trip route,Travel,Creative expression,2024-10-29,2024/10/29,New,0.0,3.0,3.0,4.0,1.0,7.0,Y,2025-04-15,
6,61,Learn basic calligraphy,hobby,Social connection,2024/11/14,04 Dec 2024,RESEARCHED,0.2,2.0,1.0,4.0,2.0,8.0,0,,
7,157,research a relocation destination,Travel,Financial security,04/12/2024,13 Jun 2025,Done!,0.0,3.0,1.0,3.0,2.0,13.5,True,2025-02-23,
8,266,Pay off a small debt,Finance,Obligation / should-do,12-02-2023,31/12/2023,Researched,0.3,very low,1.0,3.0,1.0,,Y,2024-04-21,
9,185,Start a photography project,CREATIVE ,Obligation / should-do,08-08-2024,2024/09/11,researching,1.6,4.0,1.0,3.0,1.0,23.9,0,,
10,241,Start journaling regularly,hobby,Curiosity / fun,03-09-2023,27/05/2023,ABANDONED,0.0,3.0,2.0,3.0,,,Yes,2023-08-29,Unclear next step
11,60,start a photography project,Creativity,Social connection,10-19-2023,2024-04-02,Continued,1.9,2.0,3.0,3.0,2.0,14.4,yes,2024-03-20,
12,170,Research a relocation destination, Travel,Obligation / should-do,2023/11/19,2024-02-06,CONTINUED,2.4,3.0,2.0,5.0,1.0,5.1,Yes,2024-01-01,
13,282,Learn to cook healthier meals,fitness/health,Social connection,03-11-2023,2023/08/29,Completed,0.0,2.0,1.0,5.0,,6.5,False,,
14,207, Collect and organize a hobby set  ,Hobby,Social connection,2025-05-02,05-22-2025,researching,,2.0,1.0,3.0,2.0,5.3,FALSE,,
15,77,Reorganize the wardrobe,Home & Admin,Curiosity / fun,04/06/2025,07-15-2025,postponed,0.0,2.0,1.0,1.0,1.0,4.1,Y,2025-08-28,Unclear next step
16,168,Learn conversational Spanish,Learning&Skills,Creative expression,04/12/2023,01-14-2024,researching,1.0,3.0,4.0,2.0,,6.7,0,,
17,291,FIX A RECURRING HOUSEHOLD ISSUE,Home and Admin,Curiosity / fun,02-01-2024,15 Jul 2024,Completed,0.0,3.0,4.0,3.0,4.0,13.6,N,,
18,32,Learn to cook healthier meals,fitness/health,Personal growth,01/05/2024,01 May 2024,New,0.0,2.0,4.0,3.0,1.0,14.7,no,,
19,26,Ask for a performance review, Career,Health & wellbeing,2024-05-27,2024/10/31,CONTINUED,1.5,5.0,1.0,2.0,2.0,5.2,FALSE,,
20,20,Start a small garden,Hobbies,Financial security,2024-08-20,10 Apr 2025,CONTINUED,2.9,1.0,2.0,3.0,1.0,6.6,0,,
21,11,CREATE A MONTHLY BUDGET,FINANCIAL,Obligation / should-do,2025/05/25,25/05/2025,New,0.0,3.0,2.0,2.0,3.0,20.7,1,2025-07-03,
22,88,Reduce screen time before bed,fitness/health,Career advancement,08-05-2024,17 Aug 2024,RESEARCHED,1.5,3.0,4.0,1.0,1.0,7.8,FALSE,,
23,112,JOIN A LOCAL SOCIAL GROUP,RELATIONSHIPS,Health & wellbeing,2024-07-31,2024/09/18,Began,0.0,2.0,,2.0,1.0,5.6,0,,
24,31,Learn basic public speaking,learning and skills,Personal growth,05-12-2024,2024/05/19,researching,0.5,3.0,3.0,2.0,,10.6,False,,
25,306,Plan a road trip route,travel,Creative expression,10-19-2023,15 Apr 2024,Continued,0.7,4.0,4.0,5.0,1.0,3.0,,,
26,68,Start a niche newsletter,side project,Personal growth,2025-05-04,2025-05-27,Research,0.4,3.0,1.0,3.0,3.0,4.9,FALSE,,
27,212,Write a long-overdue message,Relationship,Curiosity / fun,25/07/2023,14/10/2023,worked on it,2.5,2.0,2.0,4.0,2.0,5.9,,2023-12-24,
28,258,Renew an expiring document,Home and Admin,Curiosity / fun,01-14-2024,14/01/2024,CREATED,,1.0,1.0,4.0,1.0,1.2,no,,
29,223,Schedule regular calls with family,Relationship,Obligation / should-do,2024/01/15,02-11-2024,RESEARCHED,7.8,2.0,2.0,4.0,2.0,9.4,No,,
30,137,Plan a solo trip, Travel,Obligation / should-do,06/04/2023,05-19-2023,delayed,0.0,3.0,1.0,2.0,2.0,2.7,False,,Competing priorities
31,299,build an automation script,SideProject,Personal growth,19 Jan 2023,02/03/2023,start,0.0,2.0,5.0,2.0,2.0,32.7,FALSE,,
32,268,Build a personal dashboard,Side Project,Curiosity / fun,2025/05/03,2025/07/16,finished,0.0,2.0,1.0,,1.0,9.5,,,
33,209,Start a puzzle-solving habit,HOBBY,Personal growth,2024-11-25,12 Jan 2025,RESEARCHED,0.9,5.0,2.0,4.0,1.0,7.0,FALSE,,
34,74,Build an emergency fund,Finance,Obligation / should-do,17 Mar 2025,26/04/2025,Research,1.2,2.0,2.0,3.0,2.0,4.1,N,,
35,49,Set up automatic savings,financial,Creative expression,2023/10/20,12/02/2024,Continued,,2.0,2.0,4.0,3.0,2.8,0,,
36,17,Send a thank-you note,RELATIONSHIPS,Curiosity / fun,2023/03/09,2023/05/07,RESEARCHED,1.3,2.0,3.0,5.0,1.0,3.9,,2023-08-15,
37,254,Start a puzzle-solving habit,hobby,Social connection,30/01/2023,03-29-2023,PUSHED BACK,0.0,1.0,2.0,low,1.0,24.8,Yes,2023-08-11,Overestimated effort required
38,49,Set up automatic savings,Finance,Creative expression,10-20-2023,2023/11/29,Planned,0.0,2.0,2.0,4.0,3.0,2.8,no,,
39,122,Start a small garden,HOBBY,Financial security,02-11-2024,13 Feb 2024,Research,1.8,5.0,1.0,1.0,1.0,31.4,no,,
40,60,Start a photography project,Creative,Social connection,19/10/2023,10/02/2024,Continued,0.6,2.0,3.0,3.0,2.0,14.4,1,2024-03-20,
41,196,Ask for a performance review, Career,Curiosity / fun,26/03/2025,10/04/2025,researching,1.1,1.0,2.0,1.0,1.0,16.2,TRUE,2025-07-09,
42,158,Plan a family visit,Relationships,Social connection,11/07/2024,2024-08-02,Researched,1.9,,3.0,medium,1.0,1.8,,2024-09-01,
43,30,Finish a painting series,Creative,Health & wellbeing,2023-09-04,10-28-2023,PLANNED,0.0,4.0,1.0,1.0,2.0,10.7,0,,
44,273,Collect and organize a hobby set,HOBBY,Curiosity / fun,2025-05-01,31/05/2025,researching,0.4,3.0,3.0,3.0,1.0,24.0,0,,
45,101,Start a niche newsletter,SideProject,Health & wellbeing,2024-10-03,05 Oct 2024,researching,1.3,4.0,4.0,1.0,3.0,4.5,1,2025-02-06,
46,189, Learn basic public speaking  ,learning and skills,Obligation / should-do,2024-04-12,2024-04-21,researching,0.7,1.0,3.0,4.0,2.0,43.0,TRUE,2024-06-01,
47,7,Study for a certification exam,Learning & Skills,Curiosity / fun,2023-04-10,2023/05/26,RESEARCHED,1.5,2.0,4.0,3.0,1.0,17.1,,,
48,57,research visa requirements,TRAVEL ,Career advancement,08 Feb 2025,02 Apr 2025,Research,1.0,3.0,3.0,5.0,1.0,55.7,,,
49,1,Learn SQL properly,learning and skills,Personal growth,29 Jan 2025,02-19-2025,researching,4.6,3.0,2.0,4.0,4.0,6.6,TRUE,2025-04-10,
50,277,Build a personal dashboard,side project,Curiosity / fun,18/07/2023,08-28-2023,completed,0.0,3.0,2.0,5.0,1.0,15.9,,,
51,199,Try a new recipe every week,hobby,Personal growth,2024-05-24,06-05-2024,Researched,0.2,3.0,1.0,3.0,1.0,3.3,FALSE,,
52,159,Train for a 5k run,FITNESS & HEALTH,Social connection,03/03/2023,2023/05/12,STARTED ,0.0,3.0,2.0,3.0,1.0,3.1,1,2023-06-03,
53,101,Start a niche newsletter,side project,Health & wellbeing,03 Oct 2024,01/05/2025,abandoned,0.0,4.0,4.0,1.0,3.0,4.5,1,2025-02-06,Lack of motivation
54,18,Learn a new design software,CREATIVE ,Creative expression,10/02/2024,03-05-2024,researching,0.4,2.0,3.0,3.0,1.0,13.0,N,,
55,222,Research a relocation destination,TRAVEL ,Personal growth,10 Apr 2023,2023-06-21,continued work,1.3,2.0,3.0,2.0,1.0,45.7,TRUE,2023-09-08,
56,209,Start a puzzle-solving habit,Hobby,Personal growth,11-25-2024,20 Dec 2024,Research,0.9,5.0,2.0,4.0,1.0,7.0,No,,
57,225,plan a road trip route, Travel,Social connection,2024-02-22,02-22-2024,New,0.0,4.0,4.0,4.0,1.0,35.5,0,,
58,38,WRITE SHORT STORIES WEEKLY,Creativity,Health & wellbeing,02-02-2023,2023/02/02,CREATED,0.0,3.0,3.0,3.0,1.0,2.1,No,,
59,39,Start a freelance side gig,Side Project,Financial security,10-13-2023,27/11/2023,RESEARCHED,1.6,2.0,3.0,3.0,1.0,9.5,False,,
60,316,Plan a family visit,Relationship,Health & wellbeing,2024/01/19,11 Jun 2024,Abandoned,0.0,3.0,1.0,4.0,1.0,3.9,1,2024-04-23,Low energy / burnout
61,91,Start going to the gym 3x/week,fitness/health,Curiosity / fun,18/10/2023,04-13-2024,worked on it,1.8,3.0,3.0,2.0,2.0,,False,,
62,306,Plan a road trip route,TRAVEL ,Creative expression,10-19-2023,2023-12-14,Started,0.0,4.0,4.0,5.0,1.0,3.0,False,,
63,222,Research a relocation destination,travel,Personal growth,2023-04-10,02 Jul 2023,Replaced,0.0,,,2.0,1.0,45.7,yes,2023-09-08,Replaced by a different priority
64,69,Call an old friend,RELATIONSHIPS,Career advancement,12 Feb 2023,2023-06-22,worked on it,8.3,2.0,2.0,3.0,1.0,5.3,FALSE,,
65,180,Learn to use Power BI,LEARNING & SKILLS,Obligation / should-do,02/03/2025,2025-03-02,Created,0.0,3.0,2.0,3.0,4.0,3.9,,,
66,162,START A HOUSEPLANT COLLECTION,HOBBY,Curiosity / fun,06-29-2025,06-29-2025,CREATED,0.0,2.0,2.0,2.0,2.0,3.7,N,,
67,60,Start a photography project,Creative,Social connection,19/10/2023,18 Jan 2024,Continued,0.4,,3.0,3.0,2.0,14.4,True,2024-03-20,
68,260,Start meditating daily,Fitness and Health,Social connection,2023/02/20,2023-02-28,researching,0.2,3.0,3.0,3.0,,10.9,,,
69,20,Start a small garden,HOBBY,Financial security,2024-08-20,02-08-2025,continued work,2.9,1.0,,3.0,1.0,6.6,,,
70,41,Try a new craft technique,creative,Health & wellbeing,2025/04/06,07-05-2025,delayed,0.0,3.0,3.0,4.0,2.0,2.4,FALSE,,Blocked by dependency
71,214,plan a weekend getaway,Travel,Health & wellbeing,03 Feb 2025,17 Jun 2025,Continued,0.3,1.0,1.0,4.0,1.0,11.2,no,,
72,244,Schedule regular calls with family,RELATIONSHIPS,Creative expression,2025/06/28,19 Jul 2025,researching,0.7,4.0,1.0,3.0,1.0,56.3,Y,2025-10-06,
73,232,Renew an expiring document,HOME & ADMIN,Career advancement,18/03/2025,2025/04/15,PLANNED,0.0,4.0,1.0,5.0,2.0,6.1,,,
74,26,Ask for a performance review,Career,Health & wellbeing,27 May 2024,2024-07-20,STARTED ,0.0,5.0,1.0,2.0,2.0,5.2,0,,
75,77,Reorganize the wardrobe,Home & Admin,Curiosity / fun,04 Jun 2025,27 Jul 2025,Started,0.0,2.0,1.0,1.0,,4.1,1,2025-08-28,
76,309,Plan a weekend getaway,TRAVEL ,Obligation / should-do,07/03/2025,24 Jun 2025,Continued,6.1,3.0,4.0,5.0,1.0,4.7,False,,
77,281,Start a reading challenge,hobby,Curiosity / fun,11-27-2023,2023/12/07,Research,3.0,2.0,3.0,4.0,2.0,,0,,
78,200,Start sketching daily,CREATIVE ,Career advancement,10-15-2024,20 Jan 2025,CONTINUED,0.3,2.0,4.0,4.0,1.0,13.7,True,2025-01-02,
79,28,Start a small blog,side project,Career advancement,05/09/2024,08/11/2024,researching,4.2,4.0,1.0,,3.0,2.7,0,,
80,11,Create a monthly budget,FINANCIAL,Obligation / should-do,05-25-2025,07-06-2025,start,,3.0,2.0,2.0,3.0,20.7,True,2025-07-03,
81,197, Write a long-overdue message  ,Relationship,Personal growth,2023-09-08,2024-02-02,Continued,2.9,high,3.0,2.0,1.0,8.1,0,,
82,173,Plan a solo trip,Travel,Social connection,2023-07-28,07-28-2023,created,0.0,3.0,1.0,very high,3.0,4.7,Yes,2023-09-13,
83,196,Ask for a performance review, Career,Curiosity / fun,03-26-2025,2025-03-26,created,0.0,1.0,2.0,1.0,1.0,16.2,Yes,2025-07-09,
84,296,Compare insurance providers,Financial,Health & wellbeing,2023/05/13,07 Jun 2023,researching,1.3,3.0,2.0,3.0,1.0,5.5,no,,
85,50,Train for a 5k run,fitness/health,Career advancement,2023-10-31,17/11/2023,Researched,3.1,2.0,2.0,2.0,3.0,11.8,Y,2023-11-28,
86,252,Complete a data visualization course,Learning&Skills,Health & wellbeing,2025-05-15,07/06/2025,RESEARCHED,0.7,1.0,4.0,medium,1.0,7.8,No,,
87,173,Plan a solo trip,travel,Social connection,07-28-2023,2023-08-01,Research,0.3,3.0,1.0,5.0,3.0,4.7,yes,2023-09-13,
88,254,Start a puzzle-solving habit,HOBBY,Social connection,2023/01/30,22 Apr 2023,start,0.0,1.0,2.0,2.0,1.0,24.8,True,2023-08-11,
89,82,Organize a small get-together,Relationships,Career advancement,2023/09/18,18 Sep 2023,created,-0.0,3.0,1.0,3.0,1.0,13.0,,2024-01-21,
90,200,Start sketching daily,CREATIVE ,Career advancement,15/10/2024,11-21-2024,PUSHED BACK,0.0,2.0,4.0,4.0,1.0,13.7,TRUE,2025-01-02,Unclear next step
91,319,RESEARCH INVESTMENT OPTIONS,Financial,Obligation / should-do,05/05/2025,2025/05/05,CREATED,0.0,2.0,1.0,3.0,3.0,1.0,,2025-11-21,
92,279,start meditating daily,Fitness & Health,Health & wellbeing,2023-06-06,06-06-2023,Created,0.0,3.0,1.0,5.0,,5.9,no,,
93,285,Finish an online Python course,learning and skills,Obligation / should-do,21/09/2024,12-06-2024,Research,0.3,3.0,medium,2.0,1.0,3.2,N,,
94,168,Learn conversational Spanish,learning and skills,Creative expression,12-04-2023,04/12/2023,CREATED,0.0,3.0,4.0,2.0,3.0,6.7,0,,
95,185,Start a photography project,CREATIVE ,Obligation / should-do,08/08/2024,08-08-2024,CREATED,0.0,4.0,1.0,3.0,,23.9,No,,
96,142, Start a photography project  ,Creative,Social connection,2025-01-26,2025/01/26,CREATED,0.0,3.0,,5.0,1.0,37.6,N,,
97,197,Write a long-overdue message,relationships,Personal growth,08 Sep 2023,2023/10/10,Researched,2.7,4.0,3.0,2.0,1.0,8.1,FALSE,,
98,30,Finish a painting series,Creativity,Health & wellbeing,04/09/2023,23/11/2023,Began,0.0,4.0,1.0,1.0,2.0,10.7,FALSE,,
99,9,Plan a family visit,Relationship,Curiosity / fun,2024/07/19,19/07/2024,created,0.0,4.0,2.0,,1.0,2.2,0,,
100,60,Start a photography project,creative,Social connection,10-19-2023,11-26-2023,planning,0.0,2.0,3.0,3.0,2.0,14.4,Yes,2024-03-20,
101,108,Repair a strained relationship,Relationships,Financial security,2025/02/04,2025/05/04,worked on it,0.8,medium,1.0,2.0,2.0,4.9,N,,
102,197,Write a long-overdue message,RELATIONSHIPS,Personal growth,09-08-2023,2023-09-22,researching,1.7,4.0,3.0,2.0,,8.1,,,
103,99,COLLECT AND ORGANIZE A HOBBY SET,Hobby,Creative expression,2025-04-30,2025-05-14,Research,2.0,3.0,4.0,3.0,1.0,32.2,,,
104,233,Review and cut subscriptions,FINANCIAL,Personal growth,2023/05/14,2023-05-14,CREATED,0.0,1.0,5.0,1.0,1.0,20.5,0,,
105,11,Create a monthly budget,FINANCIAL,Obligation / should-do,2025/05/25,03 Jul 2025,PLANNED,0.0,3.0,2.0,2.0,3.0,20.7,Yes,2025-07-03,
106,71,Build a personal dashboard,side project,Financial security,27/09/2024,27 Sep 2024,Created,0.0,3.0,4.0,4.0,2.0,8.0,0,,
107,215,Research a relocation destination, Travel,Financial security,2023-05-25,06-06-2023,RESEARCHED,,3.0,3.0,3.0,1.0,20.0,,,
108,11,Create a monthly budget,Finance,Obligation / should-do,2025/05/25,2025/06/16,researching,1.1,3.0,2.0,2.0,,20.7,,2025-07-03,
109,180,Learn to use Power BI,LEARNING & SKILLS,Obligation / should-do,2025-03-02,2025-04-06,RESEARCHED,1.8,3.0,2.0,3.0,4.0,3.9,N,,
110,39,Start a freelance side gig,side project,Financial security,13/10/2023,2024/04/24,Postponed,0.0,2.0,3.0,3.0,1.0,9.5,N,,Competing priorities
111,184,Build a personal dashboard,SideProject,Curiosity / fun,22 Jan 2024,01-22-2024,created,0.0,3.0,3.0,3.0,1.0,9.7,No,,
112,105,Call an old friend,Relationships,Obligation / should-do,31 Jul 2023,31/07/2023,Created,0.0,1.0,3.0,2.0,2.0,4.1,N,,
113,218,Start a small garden,HOBBY,Curiosity / fun,22/04/2025,2025/05/02,Research,0.6,3.0,3.0,3.0,1.0,6.8,No,,
114,157,Research a relocation destination, Travel,Financial security,12-04-2024,2024-12-25,RESEARCHED,,3.0,1.0,3.0,2.0,13.5,Yes,2025-02-23,
115,267,IMPROVE SLEEP SCHEDULE,fitness/health,Financial security,2024-01-25,2024-06-10,Continued,6.1,4.0,,3.0,3.0,9.3,No,,
116,15, Create a travel budget  ,Travel,Financial security,2023/10/04,07/11/2023,Research,2.8,medium,4.0,3.0,3.0,0.8,False,,
117,195,BOOK A LONG-POSTPONED TRIP,travel,Career advancement,12-11-2024,01-06-2025,Postponed,0.0,3.0,1.0,4.0,1.0,5.5,False,,Blocked by dependency
118,257,Learn basic public speaking,Learning & Skills,Creative expression,09/08/2023,09 Aug 2023,Created,,3.0,2.0,,3.0,4.0,N,,
119,207,Collect and organize a hobby set,HOBBY,Social connection,02/05/2025,05-29-2025,postponed,0.0,2.0,,3.0,2.0,5.3,No,,Competing priorities
120,24,Build a personal data project,side project,Social connection,11-27-2024,2024/11/27,CREATED,-0.0,3.0,2.0,1.0,4.0,16.1,N,,
121,111,LEARN TO COOK HEALTHIER MEALS,FITNESS & HEALTH,Career advancement,2023-05-11,21/06/2023,RESEARCHED,2.4,3.0,2.0,4.0,1.0,11.1,N,,
122,2,Practice a new software tool weekly,Learning & Skills,Career advancement,31/03/2023,04-21-2023,Research,0.8,2.0,4.0,4.0,1.0,13.3,No,,
123,251,LEARN A CARD OR BOARD GAME DEEPLY,Hobby,Financial security,06/08/2023,08-06-2023,created,0.0,,3.0,1.0,1.0,24.7,TRUE,2023-12-21,
124,267,Improve sleep schedule,fitness/health,Financial security,25 Jan 2024,2024-02-17,Research,1.3,4.0,,3.0,3.0,,0,,
125,301,Improve sleep schedule,Fitness & Health,Health & wellbeing,03-21-2023,2023-04-07,researching,0.9,4.0,1.0,2.0,1.0,7.0,N,,
126,116,Create a monthly budget,FINANCIAL,Career advancement,26 Apr 2024,05-05-2024,Researched,0.5,1.0,low,4.0,1.0,22.9,yes,2024-09-25,
127,240,Plan a trip itinerary,travel,Curiosity / fun,17 Mar 2023,2023/03/17,created,0.0,3.0,2.0,4.0,1.0,27.9,No,,
128,237,Research flights for a trip,TRAVEL ,Career advancement,15/08/2023,18/09/2023,Research,-0.3,3.0,4.0,4.0,1.0,3.4,no,,
129,267,Improve sleep schedule,Fitness & Health,Financial security,25/01/2024,01 Sep 2024,Continued,12.3,4.0,4.0,3.0,3.0,9.3,no,,
130,186,FIND A MENTOR IN MY FIELD,CAREER,Obligation / should-do,02-01-2025,2025-03-12,planning,0.0,1.0,1.0,3.0,,7.7,,,
131,90,Learn key phrases for a trip, Travel,Creative expression,28/03/2024,2024/03/28,Created,,3.0,3.0,,1.0,3.1,No,,
132,108,Repair a strained relationship,relationships,Financial security,2025-02-04,02-25-2025,RESEARCHED,2.0,3.0,1.0,2.0,2.0,4.9,,,
133,308,Try a new craft technique,Creativity,Creative expression,25 Nov 2024,10/05/2025,Continued,0.8,,3.0,2.0,,0.6,no,,
134,171,Build a personal data project,side project,Creative expression,2024-11-04,02/01/2025,Continued,0.9,2.0,1.0,2.0,4.0,29.3,0,,
135,170, Research a relocation destination  ,Travel,Obligation / should-do,2023/11/19,04-13-2024,CONTINUED,3.1,3.0,2.0,5.0,1.0,5.1,1,2024-01-01,
136,86,Start a freelance side gig,Side Project,Obligation / should-do,2024-11-13,11-13-2024,Created,0.0,4.0,1.0,4.0,3.0,1.7,False,,
137,271,Start a small garden,Hobby,Social connection,27 Dec 2024,09 Jan 2025,researching,0.4,1.0,1.0,4.0,,4.9,no,,
138,308,Try a new craft technique,CREATIVE ,Creative expression,2024-11-25,02-03-2025,STARTED ,0.0,1.0,3.0,2.0,1.0,0.6,False,,
139,55,Schedule regular calls with family,Relationships,Curiosity / fun,25/09/2023,02-23-2024,delayed,0.0,4.0,1.0,4.0,1.0,3.4,Y,2024-04-09,Unclear next step
140,293,Complete a data visualization course,Learning & Skills,Obligation / should-do,2023/04/07,04-25-2023,researching,,,1.0,3.0,1.0,4.8,N,,
141,308, Try a new craft technique  ,CREATIVE ,Creative expression,2024/11/25,06-02-2025,postponed,0.0,1.0,3.0,2.0,1.0,0.6,0,,Overestimated effort required
142,14,start journaling regularly,Hobbies,Personal growth,2024-06-30,27/07/2024,planning,0.0,4.0,2.0,4.0,,4.6,N,,
143,196,Ask for a performance review,career,Curiosity / fun,2025/03/26,05-16-2025,REPLACED,0.0,1.0,2.0,,1.0,16.2,TRUE,2025-07-09,Replaced by a different priority
144,307,Learn a new design software,Creative,Creative expression,2023-09-02,07 Oct 2023,PUSHED BACK,0.0,3.0,1.0,3.0,1.0,5.4,no,,Lack of motivation
145,182,plan a savings goal,Finance,Creative expression,2024/08/16,24/09/2024,STARTED ,,3.0,1.0,4.0,3.0,57.2,N,,
146,36,LEARN CONVERSATIONAL SPANISH,Learning & Skills,Financial security,2023-08-19,2023-08-19,Created,0.0,4.0,low,5.0,2.0,94.5,True,2023-09-07,
147,157,Research a relocation destination,travel,Financial security,2024/12/04,05-04-2025,Continued,0.7,3.0,1.0,3.0,2.0,13.5,True,2025-02-23,
148,51,organize digital files,HOME & ADMIN,Personal growth,21 Feb 2023,07 Apr 2023,worked on it,2.5,1.0,3.0,5.0,2.0,2.1,no,,
149,79,Update CV and LinkedIn profile,CAREER,Personal growth,06-17-2025,06-17-2025,CREATED,0.0,2.0,3.0,1.0,5.0,23.6,0,,
150,127,Book a long-postponed trip,Travel,Creative expression,19/03/2024,07/06/2024,Continued,1.0,1.0,4.0,3.0,1.0,3.3,False,,
151,54, Complete a data visualization course  ,learning and skills,Health & wellbeing,08-15-2024,2024-09-03,researching,1.8,1.0,4.0,very low,1.0,9.2,N,,
152,26,Ask for a performance review,CAREER,Health & wellbeing,27/05/2024,2024/05/27,Created,0.0,5.0,1.0,2.0,2.0,5.2,no,,
153,318,Plan a trip itinerary,Travel,Career advancement,2024/09/22,2024/09/22,created,0.0,3.0,2.0,2.0,1.0,8.8,1,2024-10-26,
154,184,Build a personal dashboard,Side Project,Curiosity / fun,2024-01-22,02-14-2024,Researched,,3.0,medium,3.0,1.0,,,,
155,134, Plan a savings goal  ,Finance,Career advancement,2024/12/19,04-05-2025,CONTINUED,1.8,3.0,2.0,5.0,1.0,21.8,No,,
156,111,Learn to cook healthier meals,Fitness and Health,Career advancement,2023/05/11,2023/07/12,planning,0.0,3.0,2.0,4.0,,11.1,no,,
157,65,Learn touch typing,Learning & Skills,Curiosity / fun,04-29-2025,21 May 2025,Research,1.0,3.0,3.0,2.0,5.0,3.3,TRUE,2025-05-13,
158,114,Compare insurance providers,Financial,Curiosity / fun,12-02-2023,12 Dec 2023,researching,0.3,2.0,1.0,,1.0,6.0,yes,2024-03-08,
159,101,Start a niche newsletter,Side Project,Health & wellbeing,10-03-2024,10-03-2024,New,0.0,4.0,4.0,1.0,,4.5,1,2025-02-06,
160,264,Start a freelance side gig,SideProject,Career advancement,2023-02-16,02-16-2023,created,0.0,1.0,1.0,3.0,1.0,6.9,1,2023-08-02,
161,60,START A PHOTOGRAPHY PROJECT,CREATIVE ,Social connection,10-19-2023,2024/03/15,postponed,0.0,2.0,3.0,3.0,,14.4,yes,2024-03-20,Overestimated effort required
162,49,Set up automatic savings,FINANCIAL,Creative expression,2023-10-20,03-13-2024,Continued,1.1,2.0,2.0,4.0,,2.8,N,,
163,207,Collect and organize a hobby set,hobby,Social connection,02 May 2025,02/05/2025,Created,0.0,2.0,1.0,3.0,2.0,5.3,0,,
164,316,Plan a family visit,RELATIONSHIPS,Health & wellbeing,19/01/2024,01-19-2024,created,0.0,3.0,1.0,4.0,1.0,3.9,Y,2024-04-23,
165,38,write short stories weekly,creative,Health & wellbeing,2023-02-02,02-08-2023,Research,,3.0,3.0,3.0,1.0,2.1,no,,
166,188,Contribute to an open-source project,SideProject,Creative expression,2023/12/06,2024/01/27,REPLACED,0.0,low,1.0,4.0,2.0,4.9,,,Replaced by a different priority
167,163,START A PUZZLE-SOLVING HABIT,hobby,Career advancement,2023/01/27,27/01/2023,New,0.0,,2.0,5.0,1.0,20.7,Yes,2023-08-01,
168,203,Track spending for a month,financial,Obligation / should-do,05-15-2025,2025-06-29,Postponed,0.0,4.0,2.0,5.0,1.0,39.0,,,Competing priorities
169,39,Start a freelance side gig,SIDE PROJECT,Financial security,2023/10/13,2024/08/06,finished,0.0,2.0,3.0,3.0,1.0,9.5,No,,
170,197,Write a long-overdue message,Relationship,Personal growth,09-08-2023,11-12-2023,Started,0.0,4.0,3.0,2.0,,8.1,No,,
171,268,Build a personal dashboard,SideProject,Curiosity / fun,2025-05-03,03 May 2025,CREATED,0.0,,1.0,3.0,1.0,9.5,,,
172,267,Improve sleep schedule,fitness/health,Financial security,25 Jan 2024,24 Feb 2024,PLANNED,0.0,high,4.0,3.0,3.0,9.3,,,
173,306,PLAN A ROAD TRIP ROUTE,Travel,Creative expression,2023-10-19,10 Nov 2023,Researched,1.1,4.0,4.0,5.0,1.0,3.0,False,,
174,218,start a small garden,HOBBY,Curiosity / fun,04-22-2025,04-22-2025,CREATED,0.0,medium,medium,3.0,1.0,6.8,,,
175,263,Plan a family visit,Relationship,Creative expression,2023-10-18,2024/01/27,Continued,3.5,3.0,3.0,5.0,2.0,8.2,No,,
176,93,Start daily stretching,Fitness and Health,Health & wellbeing,17 Feb 2023,2023/02/17,CREATED,0.0,5.0,2.0,2.0,,7.4,yes,2023-07-02,
177,112,JOIN A LOCAL SOCIAL GROUP,Relationship,Health & wellbeing,2024/07/31,07-31-2024,Created,0.0,2.0,2.0,2.0,1.0,5.6,No,,
178,45,Write a long-overdue message,Relationship,Health & wellbeing,2023-10-13,12-23-2023,PUSHED BACK,0.0,5.0,1.0,4.0,1.0,5.3,False,,Lack of time
179,76,Review and cut subscriptions,Finance,Obligation / should-do,08-17-2023,07/12/2023,worked on it,4.0,2.0,3.0,3.0,,3.9,1,2023-10-19,
180,274,Learn touch typing,LEARNING & SKILLS,Obligation / should-do,05-14-2025,04/07/2025,worked on it,680.0,3.0,2.0,2.0,1.0,3.7,True,2025-09-16,
181,214,Plan a weekend getaway,Travel,Health & wellbeing,2025-02-03,02 May 2025,STARTED ,0.0,1.0,,4.0,1.0,11.2,False,,
182,212,Write a long-overdue message,relationships,Curiosity / fun,2023/07/25,2023-08-29,researching,1.8,2.0,2.0,4.0,2.0,5.9,1,2023-12-24,
183,219,Read one book on statistics,Learning&Skills,Curiosity / fun,27/04/2024,16 May 2024,Planned,0.0,3.0,2.0,4.0,2.0,15.8,1,2024-10-01,
184,237,Research flights for a trip,travel,Career advancement,15/08/2023,25 Aug 2023,researching,0.5,3.0,4.0,4.0,1.0,3.4,N,,
185,248,Renew an expiring document,Home and Admin,Curiosity / fun,2024/07/23,07-23-2024,New,0.0,5.0,4.0,2.0,2.0,35.4,Y,2024-12-27,
186,121,Start a home workout routine,Fitness & Health,Social connection,21/04/2023,28 May 2023,planning,0.0,4.0,1.0,4.0,2.0,11.8,,,
187,52,Build a portfolio website,CAREER,Health & wellbeing,24 Mar 2023,03 Apr 2023,Researched,,2.0,4.0,2.0,3.0,16.4,False,,
188,111,Learn to cook healthier meals,Fitness and Health,Career advancement,05-11-2023,2023-10-17,completed,0.0,3.0,2.0,4.0,1.0,11.1,FALSE,,
189,291,Fix a recurring household issue,home/admin,Curiosity / fun,2024/02/01,2024/06/29,delayed,0.0,3.0,4.0,3.0,4.0,13.6,N,,No accountability
190,194,WRITE SHORT STORIES WEEKLY,Creative,Health & wellbeing,2024/03/20,20/03/2024,CREATED,0.0,4.0,1.0,5.0,1.0,2.3,0,,
191,267,Improve sleep schedule,Fitness & Health,Financial security,25/01/2024,2024/02/18,Research,1.5,4.0,4.0,3.0,3.0,9.3,no,,
192,312,Start a small blog,Side Project,Social connection,19/10/2023,30 Dec 2023,worked on it,4.9,3.0,medium,2.0,,6.4,True,2023-12-13,
193,1,Learn SQL properly,LEARNING & SKILLS,Personal growth,29 Jan 2025,2025/02/23,PLANNED,0.0,3.0,2.0,4.0,,6.6,,2025-04-10,
194,99,Collect and organize a hobby set,hobby,Creative expression,2025/04/30,30 Apr 2025,Created,0.0,3.0,4.0,3.0,,,FALSE,,
195,291,Fix a recurring household issue,Home & Admin,Curiosity / fun,02-01-2024,2024/05/27,continued work,0.4,3.0,4.0,3.0,4.0,13.6,N,,
196,241,Start journaling regularly,Hobby,Curiosity / fun,2023/03/09,18/03/2023,RESEARCHED,0.6,3.0,2.0,3.0,2.0,8.5,1,2023-08-29,
197,31,Learn basic public speaking,Learning & Skills,Personal growth,2024/05/12,2024-05-12,New,0.0,3.0,3.0,2.0,2.0,10.6,no,,
198,312,Start a small blog,side project,Social connection,19 Oct 2023,2024-04-08,delayed,,3.0,3.0,2.0,4.0,6.4,Yes,2023-12-13,Low energy / burnout
199,76,Review and cut subscriptions,Financial,Obligation / should-do,17/08/2023,2023-11-14,planning,,2.0,3.0,3.0,5.0,3.9,yes,2023-10-19,
200,53,Start a houseplant collection,Hobbies,Obligation / should-do,22/11/2024,11-22-2024,Created,0.0,2.0,2.0,,1.0,6.5,No,,
201,215,research a relocation destination,travel,Financial security,25 May 2023,2023/06/17,Research,1.0,3.0,3.0,3.0,1.0,20.0,,,
202,154,Redesign a personal art portfolio,Creative,Personal growth,07/11/2024,04/12/2024,Research,1.5,2.0,2.0,5.0,1.0,41.7,True,2025-01-21,
203,97,Prepare for technical interviews, Career,Creative expression,2025/05/18,08 Jun 2025,planning,0.0,3.0,1.0,1.0,2.0,4.1,,2025-07-05,
204,120,research flights for a trip,travel,Health & wellbeing,24 Feb 2025,2025/05/11,PUSHED BACK,0.0,2.0,2.0,2.0,1.0,11.5,no,,Lack of motivation
205,183,Learn to cook healthier meals,Fitness and Health,Curiosity / fun,05/07/2024,2024/07/05,Created,0.0,2.0,2.0,3.0,3.0,7.5,False,,
206,108,Repair a strained relationship,Relationships,Financial security,04 Feb 2025,2025/02/04,created,0.0,3.0,1.0,2.0,2.0,4.9,,,
207,56,Redesign a personal art portfolio,Creative,Social connection,02-10-2024,04/03/2024,Researched,2.4,3.0,2.0,2.0,1.0,5.8,Yes,2024-08-07,
208,168,learn conversational spanish,Learning & Skills,Creative expression,04 Dec 2023,01-17-2024,PUSHED BACK,0.0,3.0,4.0,2.0,3.0,,N,,Competing priorities
209,146,PLAN A TRIP ITINERARY,TRAVEL ,Career advancement,2024/03/27,2024-03-27,New,0.0,2.0,2.0,,1.0,4.1,N,,
210,173, Plan a solo trip  ,TRAVEL ,Social connection,28/07/2023,17/11/2023,CONTINUED,4.1,3.0,1.0,5.0,,4.7,True,2023-09-13,
211,166,Start meditating daily,Fitness & Health,Creative expression,2024/03/22,01 Apr 2024,researching,,4.0,4.0,2.0,1.0,6.3,N,,
212,8,Start a puzzle-solving habit,hobby,Health & wellbeing,2025-04-06,2025-06-09,PLANNED,0.0,1.0,2.0,1.0,1.0,9.7,TRUE,2025-08-15,
213,176,Write short stories weekly,CREATIVE ,Personal growth,2024-04-17,05-09-2024,Research,0.6,5.0,1.0,3.0,1.0,23.8,0,,
214,31,Learn basic public speaking,LEARNING & SKILLS,Personal growth,05-12-2024,05-30-2024,Planned,0.0,3.0,,2.0,2.0,10.6,No,,
215,50,Train for a 5k run,FITNESS & HEALTH,Career advancement,31/10/2023,12/12/2023,Research,,2.0,2.0,2.0,3.0,11.8,True,2023-11-28,
216,276,Try a new craft technique,CREATIVE ,Health & wellbeing,2025-03-08,2025/07/04,Continued,610.0,2.0,1.0,4.0,1.0,42.2,TRUE,2025-07-30,
217,319, Research investment options  ,FINANCIAL,Obligation / should-do,05 May 2025,15 May 2025,Research,,2.0,,3.0,3.0,1.0,1,2025-11-21,
218,34,Contribute to an open-source project,Side Project,Social connection,2025-01-17,17 Jan 2025,New,0.0,,,5.0,2.0,4.1,No,,
219,274,Learn touch typing,Learning & Skills,Obligation / should-do,2025-05-14,08/06/2025,RESEARCHED,0.5,3.0,2.0,2.0,1.0,3.7,TRUE,2025-09-16,
220,168,Learn conversational Spanish,learning and skills,Creative expression,12-04-2023,2024/04/08,Abandoned,0.0,3.0,4.0,2.0,3.0,6.7,FALSE,,Lost interest
221,145,Learn to cook healthier meals,FITNESS & HEALTH,Social connection,2023-04-16,16/04/2023,CREATED,0.0,3.0,1.0,1.0,2.0,9.5,N,,
222,95,Repair a strained relationship,relationships,Career advancement,14 Feb 2024,2024-03-31,delayed,,2.0,very low,1.0,2.0,35.9,TRUE,2024-08-13,Lack of motivation
223,227,Organize digital files,home/admin,Curiosity / fun,03/12/2024,10/01/2025,Planned,0.0,3.0,3.0,5.0,2.0,6.6,0,,
224,274,Learn touch typing,Learning & Skills,Obligation / should-do,2025-05-14,25/06/2025,STARTED ,0.0,3.0,,2.0,1.0,3.7,Y,2025-09-16,
225,49, Set up automatic savings  ,Finance,Creative expression,2023/10/20,20/10/2023,New,0.0,2.0,2.0,4.0,,2.8,no,,
226,169,Compare insurance providers,financial,Career advancement,13 Apr 2025,2025/05/05,researching,0.9,3.0,3.0,2.0,,9.5,FALSE,,
227,150,read one book on statistics,LEARNING & SKILLS,Obligation / should-do,02/05/2023,2023/06/09,Replaced,0.0,2.0,2.0,2.0,1.0,2.3,no,,Replaced by a different priority
228,45,Write a long-overdue message,Relationships,Health & wellbeing,13/10/2023,27/12/2023,planning,0.0,5.0,1.0,4.0,1.0,5.3,No,,
229,170,Research a relocation destination,travel,Obligation / should-do,2023-11-19,2024-05-12,Continued,0.5,3.0,2.0,,1.0,5.1,True,2024-01-01,
230,90,Learn key phrases for a trip, Travel,Creative expression,28 Mar 2024,16 Apr 2024,researching,2.2,3.0,medium,2.0,1.0,3.1,no,,
231,96,Learn touch typing,learning and skills,Creative expression,08-13-2023,28/01/2024,PUSHED BACK,0.0,2.0,3.0,3.0,5.0,22.4,TRUE,2024-02-21,No accountability
232,65,Learn touch typing,learning and skills,Curiosity / fun,2025-04-29,29 Apr 2025,Created,0.0,3.0,3.0,low,5.0,3.3,1,2025-05-13,
233,84,Automate a recurring bill payment,home/admin,Curiosity / fun,13 Mar 2023,30/06/2023,DONE,0.0,2.0,4.0,3.0,2.0,8.7,no,,
234,275,Start a small blog,SIDE PROJECT,Curiosity / fun,2024-02-10,2024-02-20,RESEARCHED,1.8,3.0,4.0,1.0,1.0,30.7,no,,
235,305,Plan a solo trip,TRAVEL ,Financial security,02-25-2024,02-25-2024,CREATED,0.0,4.0,3.0,3.0,1.0,5.8,False,,
236,291,fix a recurring household issue,Home and Admin,Curiosity / fun,2024/02/01,2024/03/07,RESEARCHED,0.5,3.0,4.0,3.0,4.0,13.6,no,,
237,298,Reduce screen time before bed,fitness/health,Obligation / should-do,2023/04/06,04-06-2023,created,0.0,4.0,1.0,1.0,1.0,25.4,,,
238,55,schedule regular calls with family,RELATIONSHIPS,Curiosity / fun,25/09/2023,2023/09/25,Created,0.0,4.0,1.0,4.0,1.0,3.4,Yes,2024-04-09,
239,13,Set up a filing system,Home and Admin,Health & wellbeing,2023/08/03,08-03-2023,Created,0.0,2.0,2.0,2.0,1.0,17.0,no,,
240,159,TRAIN FOR A 5K RUN,Fitness & Health,Social connection,03-03-2023,03-03-2023,created,0.0,3.0,2.0,3.0,1.0,3.1,Y,2023-06-03,
241,95,Repair a strained relationship,Relationship,Career advancement,02-14-2024,07-14-2024,ABANDONED,0.0,2.0,1.0,1.0,2.0,35.9,True,2024-08-13,Blocked by dependency
242,169,Compare insurance providers,financial,Career advancement,2025/04/13,05/06/2025,RESEARCHED,0.5,3.0,3.0,2.0,3.0,9.5,No,,
243,7,Study for a certification exam,learning and skills,Curiosity / fun,2023-04-10,2023/06/16,Researched,,2.0,4.0,3.0,1.0,17.1,N,,
244,90,Learn key phrases for a trip,travel,Creative expression,28/03/2024,11 May 2024,Researched,3.9,3.0,3.0,2.0,,3.1,False,,
245,117,Deep clean the kitchen,Home and Admin,Career advancement,2024-10-27,2024-11-14,researching,1.9,3.0,2.0,4.0,3.0,9.6,TRUE,2025-04-25,
246,170,Research a relocation destination,TRAVEL ,Obligation / should-do,2023-11-19,2023/11/23,RESEARCHED,0.2,3.0,,,1.0,5.1,Yes,2024-01-01,
247,267,Improve sleep schedule,Fitness & Health,Financial security,25/01/2024,06 Oct 2024,CONTINUED,9.0,4.0,4.0,3.0,3.0,9.3,N,,
248,20,start a small garden,Hobbies,Financial security,2024/08/20,10-25-2024,planning,0.0,1.0,2.0,3.0,1.0,6.6,no,,
249,57,Research visa requirements,travel,Career advancement,08 Feb 2025,08/07/2025,Abandoned,0.0,3.0,3.0,5.0,1.0,55.7,no,,Unclear next step
250,139,build a personal dashboard,side project,Curiosity / fun,19 Dec 2023,09 Jan 2024,researching,1.7,2.0,medium,2.0,3.0,13.9,False,,
251,198,Improve sleep schedule,fitness/health,Obligation / should-do,22/03/2023,06/05/2023,delayed,0.0,1.0,4.0,4.0,1.0,8.4,0,,Low energy / burnout
252,37,Learn basic woodworking,hobby,Career advancement,08/01/2023,08 Jan 2023,created,0.0,3.0,1.0,2.0,2.0,6.7,Y,2023-07-02,
253,130,Start a puzzle-solving habit,Hobbies,Health & wellbeing,2023/11/27,2024/03/06,CONTINUED,0.8,2.0,1.0,3.0,1.0,15.3,no,,
254,51,Organize digital files,Home and Admin,Personal growth,21 Feb 2023,2023-02-26,Researched,,1.0,3.0,5.0,,2.1,0,,
255,200,Start sketching daily,creative,Career advancement,15 Oct 2024,2025-02-04,Abandoned,0.0,2.0,4.0,4.0,1.0,13.7,yes,2025-01-02,Lack of money
256,91,Start going to the gym 3x/week,Fitness & Health,Curiosity / fun,18/10/2023,06-09-2024,Completed,0.0,3.0,3.0,2.0,2.0,5.1,N,,
257,9,Plan a family visit,Relationship,Curiosity / fun,19 Jul 2024,2024-11-11,worked on it,4.9,4.0,2.0,3.0,1.0,2.2,0,,
258,90,Learn key phrases for a trip, Travel,Creative expression,2024-03-28,2024/04/04,Research,0.5,3.0,3.0,,1.0,3.1,no,,
259,246,Set up automatic savings,financial,Creative expression,06 Jun 2023,08/06/2023,Research,,3.0,2.0,3.0,3.0,59.7,no,,
260,20,Start a small garden,Hobby,Financial security,20 Aug 2024,2024/09/02,researching,3.1,1.0,2.0,3.0,1.0,6.6,N,,
261,136,Prototype a small app idea,side project,Creative expression,2024-12-08,01-02-2025,Research,2.3,2.0,1.0,5.0,3.0,25.6,N,,
262,301,Improve sleep schedule,Fitness and Health,Health & wellbeing,2023-03-21,2023/03/21,New,0.0,4.0,1.0,low,,7.0,N,,
263,298,Reduce screen time before bed,Fitness and Health,Obligation / should-do,2023-04-06,2023-05-08,PLANNED,,4.0,1.0,1.0,1.0,25.4,,,
264,294,Pay off a small debt,Finance,Personal growth,01-11-2025,2025-01-11,New,0.0,3.0,4.0,medium,1.0,12.2,N,,
265,224,Start journaling regularly,Hobby,Health & wellbeing,2025-06-25,27 Jul 2025,PUSHED BACK,0.0,3.0,5.0,3.0,1.0,21.0,FALSE,,Blocked by dependency
266,40,BUILD AN AUTOMATION SCRIPT,side project,Creative expression,2025/01/10,11/02/2025,researching,0.4,3.0,1.0,3.0,2.0,2.9,No,,
267,276,Try a new craft technique,Creative,Health & wellbeing,08/03/2025,29/03/2025,RESEARCHED,1.2,2.0,1.0,4.0,1.0,42.2,TRUE,2025-07-30,
268,179,Organize a small get-together,Relationship,Personal growth,05/09/2024,10-06-2024,planning,0.0,4.0,3.0,4.0,2.0,28.3,No,,
269,161,Learn the basics of investing,Financial,Health & wellbeing,07-06-2024,2024-07-06,CREATED,0.0,4.0,1.0,3.0,1.0,5.5,N,,
270,83, Build a personal dashboard  ,SideProject,Financial security,2024-12-04,04/12/2024,CREATED,0.0,3.0,1.0,1.0,4.0,11.0,No,,
271,127,BOOK A LONG-POSTPONED TRIP,TRAVEL ,Creative expression,2024-03-19,2024-09-15,PUSHED BACK,0.0,1.0,4.0,3.0,1.0,3.3,False,,Competing priorities
272,152,plan a trip itinerary, Travel,Obligation / should-do,01/11/2023,01 Nov 2023,New,0.0,5.0,3.0,3.0,,15.3,no,,
273,147,Track spending for a month,FINANCIAL,Obligation / should-do,27 Apr 2023,2023-04-27,created,0.0,3.0,1.0,3.0,1.0,20.6,no,,
274,120,Research flights for a trip, Travel,Health & wellbeing,24/02/2025,2025/02/24,New,0.0,,2.0,2.0,1.0,11.5,,,
275,230,Ask for a performance review,Career,Financial security,07 Sep 2023,2023/10/01,RESEARCHED,1.5,3.0,1.0,1.0,4.0,3.8,No,,
276,299,Build an automation script,Side Project,Personal growth,2023-01-19,26 Jan 2023,Researched,1.1,2.0,,2.0,2.0,32.7,,,
277,39,Start a freelance side gig,SIDE PROJECT,Financial security,10-13-2023,2023/12/19,delayed,0.0,2.0,3.0,3.0,1.0,9.5,FALSE,,Lack of time
278,73,update personal records,Home & Admin,Financial security,2025/04/01,01/04/2025,New,0.0,3.0,4.0,3.0,2.0,15.2,,,
279,213,Build a personal dashboard,SideProject,Social connection,2023/10/07,19 Oct 2023,Researched,0.4,4.0,,4.0,1.0,5.9,no,,
280,131,Track spending for a month,Finance,Obligation / should-do,2023-09-07,2023/11/11,Research,2.2,,3.0,3.0,1.0,82.8,No,,
281,214,Plan a weekend getaway, Travel,Health & wellbeing,03/02/2025,2025-07-11,DONE,0.0,1.0,,4.0,1.0,11.2,FALSE,,
282,91,Start going to the gym 3x/week,FITNESS & HEALTH,Curiosity / fun,18/10/2023,03-20-2024,Continued,3.5,3.0,3.0,2.0,,,0,,
283,317,Renew an expiring document,HOME & ADMIN,Personal growth,2023-05-21,21 May 2023,created,0.0,3.0,3.0,2.0,1.0,,True,2023-10-02,
284,129,Learn a card or board game deeply,Hobby,Obligation / should-do,2025/03/04,2025/04/05,Research,0.3,2.0,4.0,3.0,1.0,6.5,0,,
285,197,Write a long-overdue message,relationships,Personal growth,08 Sep 2023,09-08-2023,created,0.0,4.0,3.0,2.0,1.0,8.1,FALSE,,
286,55,Schedule regular calls with family,Relationship,Curiosity / fun,09-25-2023,14 Nov 2023,PUSHED BACK,0.0,4.0,1.0,4.0,,3.4,yes,2024-04-09,Overestimated effort required
287,193,Build a personal data project,Side Project,Social connection,24/09/2024,2025-01-12,Abandoned,0.0,3.0,4.0,3.0,3.0,7.5,Y,2025-03-18,Perfectionism / fear of failure
288,289,Learn basic public speaking,Learning & Skills,Creative expression,2024/10/23,2024-11-10,Researched,4.7,3.0,4.0,3.0,1.0,11.7,TRUE,2025-01-08,
289,111,LEARN TO COOK HEALTHIER MEALS,Fitness & Health,Career advancement,11 May 2023,07-21-2023,Started,0.0,medium,2.0,4.0,1.0,,,,
290,247,Finish an online Python course,LEARNING & SKILLS,Health & wellbeing,05-01-2025,29/05/2025,CONTINUED,2.9,2.0,1.0,3.0,5.0,4.0,True,2025-09-02,
291,49,Set up automatic savings,Financial,Creative expression,2023-10-20,2023/12/19,STARTED ,0.0,2.0,2.0,4.0,3.0,2.8,,,
292,174,PLAN A TRIP ITINERARY,TRAVEL ,Financial security,2023/05/05,05 May 2023,CREATED,0.0,2.0,2.0,,,,Yes,2023-10-27,
293,267,Improve sleep schedule,fitness/health,Financial security,2024-01-25,2024-03-01,STARTED ,0.0,4.0,4.0,3.0,3.0,9.3,False,,
294,20,Start a small garden,Hobbies,Financial security,2024-08-20,09 Jan 2025,PUSHED BACK,0.0,1.0,2.0,3.0,1.0,6.6,N,,Lack of money
295,266,Pay off a small debt,financial,Obligation / should-do,2023/12/02,12-02-2023,CREATED,0.0,1.0,1.0,3.0,1.0,14.0,1,2024-04-21,
296,201,Plan a weekend getaway,Travel,Health & wellbeing,11-24-2024,2024/12/02,RESEARCHED,3.1,,medium,3.0,1.0,15.3,FALSE,,
297,186,Find a mentor in my field, Career,Obligation / should-do,02-01-2025,2025-02-21,postponed,0.0,1.0,very low,3.0,4.0,7.7,N,,Unclear next step
298,106,start a houseplant collection,Hobby,Obligation / should-do,2025-05-27,06-26-2025,Research,4.1,1.0,1.0,3.0,1.0,3.6,N,,
299,237,Research flights for a trip,Travel,Career advancement,2023-08-15,08-15-2023,Created,0.0,3.0,4.0,4.0,1.0,3.4,,,
300,182,plan a savings goal,Finance,Creative expression,08-16-2024,2024-11-04,Completed,0.0,3.0,,4.0,3.0,57.2,FALSE,,
301,130, Start a puzzle-solving habit  ,Hobbies,Health & wellbeing,2023-11-27,2024-01-18,STARTED ,0.0,2.0,1.0,3.0,1.0,15.3,False,,
302,292,Start a houseplant collection,HOBBY,Curiosity / fun,03-19-2025,2025-03-23,RESEARCHED,2.4,1.0,3.0,3.0,2.0,15.0,False,,
303,198,Improve sleep schedule,fitness/health,Obligation / should-do,2023-03-22,22/03/2023,New,0.0,1.0,4.0,4.0,1.0,8.4,No,,
304,96,Learn touch typing,learning and skills,Creative expression,13 Aug 2023,03-16-2024,Completed,0.0,2.0,3.0,3.0,5.0,22.4,Y,2024-02-21,
305,38,Write short stories weekly,Creativity,Health & wellbeing,02-02-2023,2023/02/02,CREATED,0.0,3.0,3.0,3.0,1.0,2.1,No,,
306,234,LEARN SQL PROPERLY,learning and skills,Curiosity / fun,2023/05/15,29 Jun 2023,continued work,1.1,5.0,4.0,4.0,3.0,,Y,2023-07-28,
307,302,Build a personal dashboard,side project,Career advancement,2025-05-05,01 Aug 2025,ABANDONED,0.0,2.0,,4.0,2.0,30.9,No,,Overestimated effort required
308,219,Read one book on statistics,Learning&Skills,Curiosity / fun,2024-04-27,03 May 2024,RESEARCHED,1.9,3.0,2.0,4.0,2.0,15.8,True,2024-10-01,
309,222,Research a relocation destination,Travel,Personal growth,10/04/2023,01/06/2023,Began,0.0,2.0,3.0,2.0,1.0,45.7,TRUE,2023-09-08,
310,69,Call an old friend,Relationship,Career advancement,2023-02-12,2023/05/05,continued work,-1.1,2.0,2.0,3.0,1.0,5.3,,,
311,306,Plan a road trip route,Travel,Creative expression,19/10/2023,21 Nov 2023,PLANNED,0.0,4.0,4.0,5.0,,3.0,no,,
312,221,Plan a family visit,RELATIONSHIPS,Social connection,24/05/2023,08-15-2023,CONTINUED,4.9,4.0,1.0,5.0,1.0,,TRUE,2023-06-16,
313,55,Schedule regular calls with family,relationships,Curiosity / fun,2023-09-25,05 Oct 2023,RESEARCHED,0.3,4.0,1.0,4.0,,3.4,1,2024-04-09,
314,158,Plan a family visit,Relationships,Social connection,2024/07/11,2024-07-12,Researched,0.4,4.0,3.0,3.0,1.0,1.8,yes,2024-09-01,
315,228,Research career change options,Career,Creative expression,10-10-2023,2023/10/10,CREATED,0.0,4.0,4.0,1.0,,,yes,2023-11-24,
316,57,Research visa requirements,travel,Career advancement,08/02/2025,08 Feb 2025,Created,0.0,3.0,3.0,5.0,1.0,,FALSE,,
317,54,Complete a data visualization course,learning and skills,Health & wellbeing,15/08/2024,10-13-2024,Research,0.3,1.0,4.0,1.0,1.0,9.2,0,,
318,277, Build a personal dashboard  ,SideProject,Curiosity / fun,18 Jul 2023,24/08/2023,Began,0.0,,2.0,5.0,1.0,15.9,False,,
319,127,Book a long-postponed trip,TRAVEL ,Creative expression,03-19-2024,2024/03/19,created,-0.0,1.0,4.0,3.0,1.0,3.3,N,,
320,277,Build a personal dashboard,SIDE PROJECT,Curiosity / fun,18 Jul 2023,2023/07/25,Research,0.3,3.0,2.0,5.0,1.0,15.9,FALSE,,
321,227, Organize digital files  ,Home and Admin,Curiosity / fun,03/12/2024,2025/05/19,Abandoned,0.0,3.0,,5.0,2.0,6.6,,,Unclear next step
322,185,Start a photography project,Creative,Obligation / should-do,2024/08/08,28/09/2024,Began,0.0,4.0,1.0,3.0,1.0,23.9,N,,
323,9,Plan a family visit,Relationships,Curiosity / fun,19 Jul 2024,23/10/2024,worked on it,3.8,4.0,2.0,3.0,1.0,2.2,no,,
324,185,Start a photography project,Creative,Obligation / should-do,2024-08-08,2024/11/13,Done!,-0.0,4.0,1.0,3.0,1.0,23.9,no,,
325,246,Set up automatic savings,Finance,Creative expression,2023-06-06,2023/06/29,delayed,0.0,3.0,2.0,3.0,3.0,59.7,N,,Unclear next step
326,179,Organize a small get-together,Relationship,Personal growth,05/09/2024,2025-01-03,Abandoned,0.0,,3.0,4.0,2.0,28.3,no,,Unclear next step
327,263,PLAN A FAMILY VISIT,Relationships,Creative expression,10-18-2023,10-18-2023,CREATED,0.0,3.0,3.0,5.0,2.0,8.2,no,,
328,61,Learn basic calligraphy,hobby,Social connection,14/11/2024,2024-11-14,Created,0.0,2.0,,4.0,2.0,8.0,no,,
329,130,Start a puzzle-solving habit,Hobby,Health & wellbeing,2023/11/27,2024/01/31,Continued,3.9,2.0,1.0,3.0,1.0,15.3,,,
330,43,Get a professional certification,career,Curiosity / fun,03-04-2023,13/04/2023,planning,0.0,3.0,3.0,4.0,,6.1,N,,
331,284,Track spending for a month,financial,Social connection,2024-04-07,2024/05/08,Abandoned,0.0,4.0,2.0,3.0,4.0,12.9,yes,2024-07-24,Lack of motivation
332,41,Try a new craft technique,CREATIVE ,Health & wellbeing,04-06-2025,2025/05/17,Researched,0.6,3.0,3.0,4.0,2.0,2.4,,,
333,54, Complete a data visualization course  ,learning and skills,Health & wellbeing,15 Aug 2024,07/11/2024,PLANNED,0.0,1.0,4.0,1.0,,9.2,0,,
334,5,Start sketching daily,Creativity,Personal growth,26 Aug 2024,09-30-2024,RESEARCHED,0.9,4.0,2.0,3.0,1.0,5.0,yes,2024-09-10,
335,227,Organize digital files,home/admin,Curiosity / fun,03/12/2024,19/12/2024,researching,1.1,3.0,3.0,5.0,2.0,6.6,N,,
336,139,Build a personal dashboard,side project,Curiosity / fun,19/12/2023,02-06-2024,Research,1.2,,3.0,2.0,3.0,13.9,FALSE,,
337,141,Read one book on statistics,Learning&Skills,Personal growth,20 Nov 2023,03/01/2024,planning,0.0,2.0,3.0,2.0,1.0,2.0,1,2024-04-19,
338,214,Plan a weekend getaway,travel,Health & wellbeing,02-03-2025,03 Feb 2025,CREATED,0.0,1.0,1.0,4.0,,11.2,FALSE,,
339,254,Start a puzzle-solving habit,Hobbies,Social connection,30/01/2023,03-04-2023,Researched,0.6,1.0,2.0,2.0,1.0,24.8,Y,2023-08-11,
340,196,Ask for a performance review,career,Curiosity / fun,2025-03-26,03/05/2025,PUSHED BACK,0.0,1.0,2.0,1.0,,16.2,True,2025-07-09,Lost interest
341,58,Plan a weekend getaway, Travel,Health & wellbeing,2024/07/30,25/08/2024,Research,-1.7,1.0,2.0,4.0,,4.7,N,,
342,26,Ask for a performance review, Career,Health & wellbeing,2024/05/27,2024-06-11,Researched,2.5,5.0,1.0,2.0,2.0,5.2,0,,
343,293,Complete a data visualization course,Learning&Skills,Obligation / should-do,2023/04/07,2023/04/07,CREATED,0.0,3.0,1.0,3.0,1.0,4.8,0,,
344,271,Start a small garden,Hobby,Social connection,27 Dec 2024,2025-01-10,Researched,1.1,1.0,1.0,4.0,2.0,4.9,N,,
345,76,Review and cut subscriptions,Financial,Obligation / should-do,2023-08-17,2023-09-28,researching,0.8,2.0,3.0,3.0,5.0,3.9,yes,2023-10-19,
346,25,Renew an expiring document,HOME & ADMIN,Creative expression,2023-10-28,2024-01-31,worked on it,2.8,4.0,1.0,5.0,1.0,13.8,No,,
347,308,Try a new craft technique,Creativity,Creative expression,25/11/2024,14 Apr 2025,Postponed,0.0,1.0,3.0,2.0,,0.6,False,,Unclear next step
348,129,LEARN A CARD OR BOARD GAME DEEPLY,HOBBY,Obligation / should-do,04/03/2025,03 May 2025,postponed,0.0,2.0,4.0,3.0,1.0,6.5,,,Lack of motivation
349,76,Review and cut subscriptions,financial,Obligation / should-do,08-17-2023,02-01-2024,Postponed,0.0,2.0,3.0,3.0,5.0,3.9,Yes,2023-10-19,Blocked by dependency
350,186,Find a mentor in my field, Career,Obligation / should-do,02-01-2025,01/02/2025,CREATED,0.0,1.0,1.0,3.0,4.0,7.7,no,,
351,250,Prepare for technical interviews,career,Health & wellbeing,2024/09/06,09/11/2024,postponed,,1.0,2.0,2.0,2.0,2.0,,,Lack of money
352,176,Write short stories weekly,creative,Personal growth,2024/04/17,04-17-2024,CREATED,0.0,5.0,1.0,3.0,,23.8,,,
353,86,Start a freelance side gig,Side Project,Obligation / should-do,11-13-2024,21 Nov 2024,Researched,1.4,4.0,1.0,4.0,3.0,1.7,No,,
354,252,Complete a data visualization course,Learning & Skills,Health & wellbeing,05-15-2025,07-08-2025,Researched,7.4,,4.0,3.0,1.0,7.8,,,
355,11,Create a monthly budget,FINANCIAL,Obligation / should-do,25/05/2025,05-31-2025,Research,5.4,3.0,2.0,2.0,3.0,20.7,Yes,2025-07-03,
356,133,learn key phrases for a trip, Travel,Curiosity / fun,2023-12-30,07 Mar 2024,start,0.0,2.0,1.0,3.0,,4.3,N,,
357,178,PLAN A TRIP ITINERARY,travel,Personal growth,2023/09/07,2023-09-07,CREATED,0.0,5.0,3.0,2.0,2.0,22.1,False,,
358,119,Restore an old creative project,CREATIVE ,Financial security,29 Apr 2024,29 Apr 2024,Created,0.0,3.0,,3.0,1.0,20.8,,,
359,281,Start a reading challenge,HOBBY,Curiosity / fun,2023-11-27,2023-12-16,Research,,2.0,3.0,4.0,2.0,20.0,FALSE,,
360,41,Try a new craft technique,Creative,Health & wellbeing,2025-04-06,05-05-2025,RESEARCHED,1.1,3.0,3.0,4.0,2.0,2.4,N,,
361,130,Start a puzzle-solving habit,HOBBY,Health & wellbeing,11-27-2023,15/12/2023,researching,1.1,2.0,1.0,medium,1.0,15.3,No,,
362,243,Finish an online Python course,Learning & Skills,Financial security,2025/05/23,2025/05/23,Created,0.0,1.0,1.0,2.0,3.0,6.3,N,,
363,271,Start a small garden,hobby,Social connection,2024-12-27,2024-12-27,CREATED,0.0,very low,1.0,4.0,2.0,4.9,N,,
364,161,LEARN THE BASICS OF INVESTING,FINANCIAL,Health & wellbeing,07-06-2024,14 Jul 2024,PLANNED,0.0,,1.0,3.0,1.0,5.5,No,,
365,169,Compare insurance providers,FINANCIAL,Career advancement,04-13-2025,09 Jul 2025,Abandoned,0.0,3.0,3.0,2.0,3.0,9.5,No,,Lack of time
366,77, Reorganize the wardrobe  ,HOME & ADMIN,Curiosity / fun,04 Jun 2025,06-04-2025,New,0.0,2.0,1.0,1.0,1.0,4.1,Y,2025-08-28,
367,213,Build a personal dashboard,SideProject,Social connection,2023/10/07,13/12/2023,Replaced,500.0,4.0,1.0,4.0,,5.9,N,,Replaced by a different priority
368,59,LAUNCH A SMALL ONLINE SHOP,SIDE PROJECT,Health & wellbeing,06-02-2024,2024-09-15,gave up,0.0,2.0,2.0,2.0,3.0,11.3,Yes,2024-09-13,No accountability
369,45, Write a long-overdue message  ,relationships,Health & wellbeing,10-13-2023,05 Nov 2023,RESEARCHED,,5.0,1.0,4.0,1.0,5.3,N,,
370,198,improve sleep schedule,FITNESS & HEALTH,Obligation / should-do,2023-03-22,2023/04/08,Research,0.4,1.0,4.0,4.0,1.0,8.4,No,,
371,80,Learn a card or board game deeply,Hobby,Curiosity / fun,2023/02/09,31 Mar 2023,researching,1.7,2.0,1.0,5.0,1.0,24.9,TRUE,2023-06-14,
372,225,PLAN A ROAD TRIP ROUTE,Travel,Social connection,2024/02/22,25/07/2024,Replaced,0.0,4.0,4.0,4.0,1.0,,N,,Replaced by a different priority
373,111,Learn to cook healthier meals,Fitness & Health,Career advancement,2023/05/11,27 Jun 2023,researching,2.5,,2.0,4.0,1.0,11.1,,,
374,101,Start a niche newsletter,SIDE PROJECT,Health & wellbeing,03 Oct 2024,2025/03/10,Continued,1.9,4.0,4.0,1.0,3.0,4.5,yes,2025-02-06,
375,174,plan a trip itinerary,Travel,Financial security,05-05-2023,19 Sep 2023,worked on it,-1.3,2.0,2.0,medium,2.0,49.9,TRUE,2023-10-27,
376,282,Learn to cook healthier meals,FITNESS & HEALTH,Social connection,11 Mar 2023,2023-06-27,worked on it,1.7,2.0,1.0,5.0,,6.5,no,,
377,208,Restore an old creative project,creative,Financial security,01/04/2025,2025-04-01,CREATED,0.0,4.0,1.0,1.0,1.0,21.0,False,,
378,25,Renew an expiring document,HOME & ADMIN,Creative expression,28/10/2023,21/01/2024,worked on it,13.8,4.0,1.0,very high,1.0,13.8,N,,
379,171,Build a personal data project,Side Project,Creative expression,2024/11/04,23 Dec 2024,Started,0.0,2.0,1.0,2.0,4.0,29.3,No,,
380,204,Research a relocation destination, Travel,Curiosity / fun,2023/08/31,08-31-2023,created,0.0,3.0,1.0,,,12.0,0,,
381,91,start going to the gym 3x/week,Fitness & Health,Curiosity / fun,10-18-2023,11-23-2023,Researched,0.4,3.0,3.0,,2.0,5.1,No,,
382,47,Learn to use Power BI,Learning&Skills,Creative expression,2023/06/20,20 Jun 2023,CREATED,0.0,2.0,2.0,3.0,,56.2,False,,
383,186, Find a mentor in my field  , Career,Obligation / should-do,02-01-2025,2025-03-16,STARTED ,0.0,1.0,1.0,3.0,4.0,7.7,False,,
384,197,Write a long-overdue message,Relationship,Personal growth,2023-09-08,01 Jan 2024,Continued,0.7,4.0,3.0,2.0,1.0,8.1,no,,
385,100,Learn to cook healthier meals,FITNESS & HEALTH,Social connection,2024/04/05,2024-06-16,delayed,0.0,3.0,1.0,3.0,1.0,2.4,yes,2024-06-21,Overestimated effort required
386,39,Start a freelance side gig,Side Project,Financial security,13 Oct 2023,04-03-2024,Continued,3.1,2.0,3.0,,1.0,9.5,0,,
387,223,Schedule regular calls with family,Relationships,Obligation / should-do,01-15-2024,03-09-2024,STARTED ,0.0,,2.0,4.0,2.0,9.4,,,
388,62,Learn conversational Spanish,Learning&Skills,Personal growth,28 Sep 2023,01-21-2024,gave up,0.0,3.0,4.0,2.0,3.0,6.8,Yes,2023-11-08,Lack of time
389,212,Write a long-overdue message,relationships,Curiosity / fun,2023-07-25,29/11/2023,Continued,0.6,2.0,2.0,,2.0,,yes,2023-12-24,
390,245,Send a thank-you note,Relationships,Curiosity / fun,17/01/2025,02-08-2025,Planned,0.0,1.0,2.0,4.0,2.0,6.9,Y,2025-05-20,
391,189,Learn basic public speaking,Learning & Skills,Obligation / should-do,12/04/2024,2024/04/12,created,0.0,1.0,3.0,4.0,2.0,43.0,Yes,2024-06-01,
392,97,Prepare for technical interviews,CAREER,Creative expression,2025/05/18,05-31-2025,researching,0.6,3.0,,1.0,,4.1,TRUE,2025-07-05,
393,266,Pay off a small debt,Finance,Obligation / should-do,12-02-2023,31/12/2023,Researched,0.3,very low,1.0,3.0,1.0,,Y,2024-04-21,
394,107,Plan a solo trip, Travel,Obligation / should-do,27/12/2023,07/01/2024,Planned,0.0,3.0,1.0,3.0,1.0,4.5,,,
395,219,Read one book on statistics,LEARNING & SKILLS,Curiosity / fun,27 Apr 2024,06-06-2024,Continued,1.6,3.0,2.0,4.0,2.0,15.8,1,2024-10-01,
396,45,Write a long-overdue message,RELATIONSHIPS,Health & wellbeing,2023-10-13,2023-11-24,RESEARCHED,0.6,5.0,1.0,4.0,1.0,5.3,FALSE,,
397,221,Plan a family visit,relationships,Social connection,24 May 2023,06 Sep 2023,completed,0.0,4.0,1.0,5.0,1.0,22.1,True,2023-06-16,
398,182,Plan a savings goal,Financial,Creative expression,16 Aug 2024,08-28-2024,Research,0.3,,,4.0,3.0,57.2,No,,
399,238,Start a freelance side gig,Side Project,Career advancement,2024-04-14,21/04/2024,researching,0.8,4.0,1.0,3.0,3.0,,no,,
400,233,Review and cut subscriptions,FINANCIAL,Personal growth,14/05/2023,08-22-2023,gave up,0.0,1.0,5.0,,1.0,20.5,no,,No accountability
401,213,Build a personal dashboard,SIDE PROJECT,Social connection,10-07-2023,2023/10/27,researching,0.7,4.0,1.0,4.0,1.0,5.9,0,,
402,190,Train for a 5k run,FITNESS & HEALTH,Social connection,04-25-2024,2024-04-29,Researched,0.8,2.0,1.0,2.0,1.0,10.2,N,,
403,94,Plan a trip itinerary,travel,Financial security,06-26-2025,26 Jun 2025,created,0.0,2.0,3.0,4.0,1.0,4.9,no,,
404,185,start a photography project,Creative,Obligation / should-do,2024-08-08,14/09/2024,researching,0.6,4.0,1.0,3.0,1.0,23.9,no,,
405,85,START A READING CHALLENGE,HOBBY,Social connection,11-10-2024,2024-12-02,PLANNED,0.0,5.0,4.0,3.0,2.0,14.6,,,
406,306,Plan a road trip route, Travel,Creative expression,19 Oct 2023,16 Apr 2024,DONE,0.0,4.0,4.0,5.0,1.0,3.0,N,,
407,307,Learn a new design software,Creativity,Creative expression,09-02-2023,09-04-2023,researching,1.3,3.0,1.0,3.0,,5.4,False,,
408,125,Start a houseplant collection,Hobbies,Curiosity / fun,22 Dec 2023,2023-12-23,Researched,5.6,2.0,3.0,5.0,2.0,34.3,no,,
409,26,Ask for a performance review,career,Health & wellbeing,27/05/2024,2024-09-08,continued work,0.5,very high,1.0,2.0,2.0,5.2,False,,
410,40,BUILD AN AUTOMATION SCRIPT,side project,Creative expression,10/01/2025,03-25-2025,abandoned,0.0,3.0,,3.0,2.0,2.9,no,,Lost interest
411,137,Plan a solo trip,TRAVEL ,Obligation / should-do,04-06-2023,2023-04-29,Researched,2.5,3.0,1.0,2.0,2.0,,,,
412,33,compare insurance providers,Finance,Financial security,12 Jun 2025,24 Jun 2025,Researched,2.3,2.0,3.0,high,1.0,19.4,no,,
413,287,PLAN A ROAD TRIP ROUTE,Travel,Creative expression,2024/10/29,2024/11/14,RESEARCHED,0.5,3.0,3.0,4.0,1.0,7.0,True,2025-04-15,
414,298,Reduce screen time before bed,fitness/health,Obligation / should-do,06 Apr 2023,2023/07/07,Abandoned,0.0,4.0,1.0,1.0,1.0,25.4,0,,Unclear next step
415,59,Launch a small online shop,Side Project,Health & wellbeing,2024-06-02,06-25-2024,PLANNED,0.0,2.0,2.0,2.0,3.0,11.3,,2024-09-13,
416,312,Start a small blog,side project,Social connection,10-19-2023,2024/02/19,CONTINUED,1.0,3.0,3.0,2.0,4.0,6.4,yes,2023-12-13,
417,101, Start a niche newsletter  ,SideProject,Health & wellbeing,03/10/2024,11-04-2024,delayed,-0.0,4.0,4.0,1.0,3.0,4.5,,2025-02-06,Competing priorities
418,150,Read one book on statistics,learning and skills,Obligation / should-do,02 May 2023,2023-05-21,researching,0.3,2.0,low,2.0,1.0,2.3,0,,
419,288, Build a portfolio project  ,side project,Curiosity / fun,05 Mar 2023,2023-05-16,start,0.0,3.0,2.0,5.0,3.0,,N,,
420,267,improve sleep schedule,FITNESS & HEALTH,Financial security,2024-01-25,04-03-2024,CONTINUED,,4.0,4.0,3.0,3.0,9.3,No,,
421,67,Build a portfolio project,side project,Personal growth,25 Apr 2023,2023/04/25,Created,0.0,,1.0,3.0,1.0,19.6,Yes,2023-11-01,
422,8,Start a puzzle-solving habit,Hobby,Health & wellbeing,06/04/2025,2025/05/24,PUSHED BACK,0.0,1.0,,1.0,1.0,9.7,yes,2025-08-15,Overestimated effort required
423,248,Renew an expiring document,Home & Admin,Curiosity / fun,2024/07/23,2024/07/30,Researched,0.2,5.0,4.0,2.0,2.0,35.4,True,2024-12-27,
424,133,learn key phrases for a trip,Travel,Curiosity / fun,12-30-2023,02-14-2024,Postponed,0.0,2.0,1.0,medium,1.0,4.3,N,,Competing priorities
425,107,Plan a solo trip,Travel,Obligation / should-do,27/12/2023,2024-02-05,ABANDONED,0.0,3.0,1.0,3.0,1.0,4.5,no,,Lost interest
426,103,improve sleep schedule,FITNESS & HEALTH,Personal growth,25/08/2023,01 Nov 2023,abandoned,0.0,3.0,2.0,3.0,1.0,4.9,,,Unclear next step
427,229,Read one book on statistics,Learning & Skills,Career advancement,19 Oct 2024,19 Oct 2024,created,0.0,2.0,4.0,3.0,2.0,7.0,No,,
428,312,Start a small blog,side project,Social connection,19 Oct 2023,2023/10/28,Research,0.8,3.0,3.0,2.0,4.0,6.4,Yes,2023-12-13,
429,115,Reconnect with a former colleague,RELATIONSHIPS,Obligation / should-do,09 Feb 2025,09/02/2025,New,500.0,,,3.0,,17.2,N,,
430,218,Start a small garden,Hobbies,Curiosity / fun,2025/04/22,2025-05-31,planning,0.0,3.0,3.0,3.0,1.0,6.8,False,,
431,197,WRITE A LONG-OVERDUE MESSAGE,RELATIONSHIPS,Personal growth,08 Sep 2023,28 Sep 2023,Research,2.6,4.0,3.0,2.0,1.0,8.1,,,
432,131,track spending for a month,Finance,Obligation / should-do,2023-09-07,2023-09-07,New,0.0,5.0,3.0,3.0,1.0,82.8,N,,
433,29,Read one book on statistics,LEARNING & SKILLS,Social connection,06-18-2025,2025-07-09,researching,0.7,3.0,4.0,1.0,2.0,10.3,N,,
434,197,Write a long-overdue message,Relationship,Personal growth,08/09/2023,29 Nov 2023,Continued,2.8,4.0,3.0,2.0,1.0,8.1,no,,
435,128,Start daily stretching,FITNESS & HEALTH,Social connection,2023/06/30,30 Jun 2023,Created,0.0,1.0,3.0,3.0,1.0,2.5,no,,
436,228,Research career change options,career,Creative expression,2023/10/10,27/10/2023,researching,1.1,high,4.0,,3.0,,1,2023-11-24,
437,313,Research flights for a trip, Travel,Health & wellbeing,31/05/2023,2023/06/18,Researched,,3.0,1.0,1.0,2.0,15.8,False,,
438,117,Deep clean the kitchen,home/admin,Career advancement,27 Oct 2024,10-27-2024,New,0.0,3.0,2.0,,3.0,9.6,Y,2025-04-25,
439,160,Research a relocation destination,travel,Obligation / should-do,2024-04-24,01/06/2024,Research,,4.0,2.0,4.0,1.0,8.4,No,,
440,34,Contribute to an open-source project,SideProject,Social connection,01-17-2025,2025/03/03,Research,1.0,3.0,3.0,5.0,2.0,4.1,No,,
441,25,Renew an expiring document,home/admin,Creative expression,10-28-2023,2023-12-27,Began,0.0,4.0,1.0,5.0,1.0,13.8,No,,
442,227,Organize digital files,HOME & ADMIN,Curiosity / fun,2024-12-03,03-18-2025,CONTINUED,2.2,3.0,3.0,5.0,2.0,6.6,False,,
443,187,Write a long-overdue message,Relationships,Personal growth,22 May 2024,2024-05-22,created,0.0,2.0,4.0,1.0,1.0,12.1,0,,
444,125,Start a houseplant collection,Hobbies,Curiosity / fun,2023-12-22,2023/12/22,created,0.0,2.0,3.0,5.0,2.0,34.3,0,,
445,144,learn salary negotiation,career,Social connection,2023-10-08,28/01/2024,gave up,0.0,,2.0,medium,,7.8,Y,2023-11-04,Perfectionism / fear of failure
446,165,Research flights for a trip,travel,Social connection,2024/10/29,02/03/2025,continued work,6.7,2.0,4.0,5.0,1.0,5.5,No,,
447,295,organize digital files,Home and Admin,Curiosity / fun,2024-08-19,19 Aug 2024,CREATED,0.0,4.0,1.0,3.0,1.0,4.0,False,,
448,158,Plan a family visit,relationships,Social connection,07-11-2024,09 Oct 2024,ABANDONED,0.0,4.0,3.0,3.0,1.0,1.8,yes,2024-09-01,Lack of money
449,190,Train for a 5k run,Fitness & Health,Social connection,2024/04/25,2024/05/10,ABANDONED,,2.0,1.0,2.0,1.0,10.2,,,Lack of time
450,157,Research a relocation destination, Travel,Financial security,2024-12-04,2025-02-08,Postponed,0.0,3.0,1.0,3.0,2.0,13.5,TRUE,2025-02-23,Perfectionism / fear of failure
451,157,research a relocation destination,travel,Financial security,12-04-2024,07 Jun 2025,Postponed,0.0,3.0,1.0,3.0,2.0,13.5,True,2025-02-23,Lack of time
452,157,Research a relocation destination,Travel,Financial security,2024/12/04,2024-12-04,Created,0.0,3.0,1.0,3.0,2.0,13.5,yes,2025-02-23,
453,306,Plan a road trip route, Travel,Creative expression,2023-10-19,2023-11-15,researching,1.1,4.0,4.0,5.0,,,no,,
454,312,Start a small blog,SideProject,Social connection,19/10/2023,2023/10/19,CREATED,0.0,3.0,3.0,2.0,4.0,6.4,True,2023-12-13,
455,134,Plan a savings goal,financial,Career advancement,19/12/2024,19/02/2025,Researched,1.8,3.0,2.0,5.0,,21.8,FALSE,,
456,276,TRY A NEW CRAFT TECHNIQUE,Creative,Health & wellbeing,03-08-2025,2025-05-30,Continued,5.9,low,1.0,4.0,1.0,42.2,yes,2025-07-30,
457,96,Learn touch typing,Learning&Skills,Creative expression,13/08/2023,28/10/2023,CONTINUED,1.5,low,3.0,3.0,5.0,22.4,TRUE,2024-02-21,
458,298,REDUCE SCREEN TIME BEFORE BED,Fitness & Health,Obligation / should-do,06/04/2023,29/04/2023,Researched,1.5,4.0,,1.0,1.0,25.4,N,,
459,181,Update personal records,home/admin,Social connection,2023/10/01,01/10/2023,New,0.0,medium,2.0,,2.0,9.7,No,,
460,130,Start a puzzle-solving habit,Hobby,Health & wellbeing,2023/11/27,09/05/2024,Continued,4.6,2.0,1.0,3.0,1.0,15.3,no,,
461,250,prepare for technical interviews, Career,Health & wellbeing,06 Sep 2024,10-16-2024,RESEARCHED,3.2,1.0,2.0,2.0,,2.0,False,,
462,212,write a long-overdue message,relationships,Curiosity / fun,2023-07-25,09-15-2023,STARTED ,0.0,2.0,2.0,4.0,2.0,5.9,yes,2023-12-24,
463,244,Schedule regular calls with family,relationships,Creative expression,2025/06/28,2025/06/28,Created,0.0,4.0,1.0,3.0,1.0,56.3,1,2025-10-06,
464,100,LEARN TO COOK HEALTHIER MEALS,FITNESS & HEALTH,Social connection,2024/04/05,06-02-2024,Researched,0.8,3.0,1.0,3.0,1.0,2.4,yes,2024-06-21,
465,232,Renew an expiring document,home/admin,Career advancement,18/03/2025,11 Apr 2025,RESEARCHED,2.0,4.0,1.0,5.0,2.0,6.1,0,,
466,269,Learn touch typing,learning and skills,Obligation / should-do,01 Jun 2025,13/07/2025,Planned,,3.0,2.0,3.0,4.0,19.2,0,,
467,144, Learn salary negotiation  , Career,Social connection,2023-10-08,26 Oct 2023,researching,1.9,4.0,2.0,3.0,1.0,7.8,Yes,2023-11-04,
468,77,Reorganize the wardrobe,Home and Admin,Curiosity / fun,2025-06-04,2025-07-17,planning,0.0,2.0,1.0,1.0,1.0,4.1,True,2025-08-28,
469,141,Read one book on statistics,Learning&Skills,Personal growth,20 Nov 2023,12-14-2023,Researched,1.5,2.0,3.0,2.0,1.0,2.0,yes,2024-04-19,
470,221,plan a family visit,Relationship,Social connection,2023/05/24,2023-07-18,start,0.0,4.0,1.0,5.0,1.0,22.1,Yes,2023-06-16,
471,267, Improve sleep schedule  ,Fitness & Health,Financial security,25/01/2024,10/04/2024,continued work,6.1,4.0,4.0,3.0,3.0,,no,,
472,311, Build a portfolio website  ,career,Health & wellbeing,2025/06/14,14/06/2025,Created,0.0,3.0,2.0,2.0,1.0,6.7,FALSE,,
473,104,Learn to play an instrument,creative,Creative expression,02-29-2024,2024/02/29,New,0.0,4.0,3.0,2.0,1.0,16.1,False,,
474,51,Organize digital files,Home & Admin,Personal growth,02-21-2023,25/03/2023,start,0.0,1.0,3.0,5.0,2.0,2.1,No,,
475,20,Start a small garden,Hobby,Financial security,2024-08-20,2025-04-04,worked on it,3.1,1.0,2.0,3.0,1.0,6.6,,,
476,81,SELL UNUSED ITEMS ONLINE,HOME & ADMIN,Health & wellbeing,2024-09-12,12/09/2024,created,0.0,1.0,1.0,3.0,1.0,5.4,N,,
477,171,Build a personal data project,side project,Creative expression,2024-11-04,02/01/2025,Continued,0.9,2.0,1.0,2.0,4.0,29.3,0,,
478,96,Learn touch typing,Learning&Skills,Creative expression,2023/08/13,2023/09/03,postponed,,2.0,3.0,3.0,5.0,22.4,1,2024-02-21,Lost interest
479,314,Start sketching daily,CREATIVE ,Career advancement,2025-06-24,24/06/2025,New,0.0,2.0,2.0,4.0,1.0,5.1,0,,
480,316,Plan a family visit,RELATIONSHIPS,Health & wellbeing,19 Jan 2024,06 Feb 2024,Researched,0.8,,1.0,4.0,1.0,3.9,yes,2024-04-23,
481,69,Call an old friend,Relationships,Career advancement,2023/02/12,12/02/2023,created,0.0,2.0,2.0,3.0,1.0,5.3,,,
482,230,Ask for a performance review,CAREER,Financial security,2023-09-07,2023/10/04,RESEARCHED,2.0,3.0,1.0,1.0,,,0,,
483,223,SCHEDULE REGULAR CALLS WITH FAMILY,RELATIONSHIPS,Obligation / should-do,15 Jan 2024,28/04/2024,worked on it,-0.5,,2.0,4.0,2.0,9.4,No,,
484,76,Review and cut subscriptions,financial,Obligation / should-do,2023/08/17,2023-11-23,Started,0.0,2.0,,3.0,5.0,3.9,,2023-10-19,
485,84,Automate a recurring bill payment,Home and Admin,Curiosity / fun,03-13-2023,2023/05/14,Started,0.0,2.0,4.0,medium,,8.7,no,,
486,271,Start a small garden,hobby,Social connection,2024-12-27,2025-01-26,Researched,1.8,1.0,1.0,4.0,2.0,4.9,0,,
487,48,Enter a local art competition,CREATIVE ,Obligation / should-do,02/03/2023,2023-03-03,RESEARCHED,0.3,3.0,1.0,3.0,1.0,17.6,Yes,2023-03-16,
488,74,Build an emergency fund,Finance,Obligation / should-do,2025/03/17,04-08-2025,RESEARCHED,6.4,,2.0,3.0,2.0,4.1,No,,
489,223,Schedule regular calls with family,relationships,Obligation / should-do,2024/01/15,2024/06/19,completed,0.0,2.0,2.0,4.0,2.0,9.4,False,,
490,313,Research flights for a trip,TRAVEL ,Health & wellbeing,2023-05-31,06 Jul 2023,researching,2.0,3.0,1.0,,2.0,15.8,No,,
491,185,Start a photography project,Creative,Obligation / should-do,08-08-2024,19/09/2024,planning,0.0,4.0,very low,3.0,1.0,23.9,False,,
492,187,Write a long-overdue message,Relationship,Personal growth,22 May 2024,26/05/2024,Researched,1.2,2.0,4.0,,1.0,12.1,no,,
493,41,Try a new craft technique,creative,Health & wellbeing,2025-04-06,2025/06/05,STARTED ,0.0,3.0,3.0,4.0,2.0,2.4,False,,
494,123,Practice a new software tool weekly,learning and skills,Financial security,2024-12-08,08/12/2024,CREATED,0.0,3.0,,3.0,1.0,73.8,FALSE,,
495,266,Pay off a small debt,financial,Obligation / should-do,2023-12-02,12-25-2023,Research,2.1,1.0,1.0,3.0,1.0,14.0,yes,2024-04-21,
496,215,Research a relocation destination,Travel,Financial security,25/05/2023,23 Jun 2023,Researched,1.3,3.0,,,1.0,20.0,,,
497,156,build an emergency fund,FINANCIAL,Social connection,26 Aug 2023,2023/08/26,Created,0.0,1.0,1.0,3.0,2.0,14.3,no,,
498,226,ask for a performance review,career,Financial security,2023/08/11,2023-10-30,REPLACED,0.0,1.0,2.0,low,2.0,11.0,No,,Replaced by a different priority
499,123,Practice a new software tool weekly,Learning&Skills,Financial security,2024/12/08,2024-12-16,researching,0.5,3.0,2.0,3.0,1.0,73.8,FALSE,,
500,58,Plan a weekend getaway, Travel,Health & wellbeing,2024/07/30,08-31-2024,Research,1.4,very low,2.0,4.0,1.0,4.7,No,,
501,249,Learn touch typing,learning and skills,Obligation / should-do,2023-12-29,29/12/2023,created,0.0,2.0,2.0,2.0,1.0,4.6,,,
502,43,GET A PROFESSIONAL CERTIFICATION,career,Curiosity / fun,04 Mar 2023,06-05-2023,gave up,0.0,3.0,,4.0,3.0,6.1,No,,Low energy / burnout
503,157,Research a relocation destination,travel,Financial security,04/12/2024,2025-02-27,PLANNED,0.0,3.0,1.0,3.0,2.0,13.5,yes,2025-02-23,
504,125,Start a houseplant collection,hobby,Curiosity / fun,22 Dec 2023,05/01/2024,Research,0.8,2.0,3.0,5.0,2.0,34.3,,,
505,206,BUILD AN EMERGENCY FUND,financial,Career advancement,2024/08/02,2024/08/02,Created,0.0,3.0,2.0,3.0,3.0,3.3,,,
506,247,Finish an online Python course,learning and skills,Health & wellbeing,05-01-2025,31/05/2025,worked on it,1.3,low,,3.0,5.0,4.0,TRUE,2025-09-02,
507,80,Learn a card or board game deeply,Hobby,Curiosity / fun,09 Feb 2023,09 Feb 2023,CREATED,0.0,2.0,1.0,5.0,1.0,24.9,yes,2023-06-14,
508,60,Start a photography project,creative,Social connection,10-19-2023,2023/12/01,Started,,2.0,3.0,3.0,2.0,,TRUE,2024-03-20,
509,55,Schedule regular calls with family,relationships,Curiosity / fun,09-25-2023,30/11/2023,PLANNED,0.0,4.0,1.0,4.0,1.0,3.4,True,2024-04-09,
510,209,START A PUZZLE-SOLVING HABIT,Hobbies,Personal growth,25/11/2024,25 Nov 2024,Created,0.0,5.0,2.0,4.0,1.0,7.0,,,
511,231,Learn basic public speaking,LEARNING & SKILLS,Financial security,01 Aug 2023,08-02-2023,researching,0.5,2.0,1.0,2.0,,35.8,N,,
512,227,Organize digital files,Home & Admin,Curiosity / fun,2024/12/03,2025/02/11,Continued,3.5,3.0,,5.0,2.0,6.6,N,,
513,61,Learn basic calligraphy,HOBBY,Social connection,2024-11-14,25/12/2024,researching,0.8,2.0,1.0,4.0,2.0,8.0,0,,
514,226,Ask for a performance review,career,Financial security,11/08/2023,2023/08/13,Researched,0.5,1.0,2.0,low,2.0,11.0,,,
515,130,Start a puzzle-solving habit,HOBBY,Health & wellbeing,2023-11-27,20/03/2024,Continued,1.2,2.0,1.0,3.0,,15.3,N,,
516,154,Redesign a personal art portfolio,Creative,Personal growth,07/11/2024,04/12/2024,Research,1.5,2.0,2.0,5.0,1.0,41.7,True,2025-01-21,
517,111,Learn to cook healthier meals,fitness/health,Career advancement,2023/05/11,11 May 2023,Created,0.0,3.0,2.0,4.0,1.0,11.1,No,,
518,59, Launch a small online shop  ,side project,Health & wellbeing,02/06/2024,06-02-2024,Created,0.0,2.0,2.0,2.0,3.0,11.3,TRUE,2024-09-13,
519,276,Try a new craft technique,creative,Health & wellbeing,08/03/2025,03-12-2025,researching,4.4,2.0,1.0,4.0,1.0,42.2,Y,2025-07-30,
520,219,Read one book on statistics,learning and skills,Curiosity / fun,27/04/2024,07-21-2024,CONTINUED,4.5,3.0,low,,2.0,15.8,1,2024-10-01,
521,43,Get a professional certification,career,Curiosity / fun,2023/03/04,2023/03/04,CREATED,0.0,3.0,3.0,4.0,3.0,6.1,FALSE,,
522,11,create a monthly budget,FINANCIAL,Obligation / should-do,25/05/2025,05-31-2025,Research,5.4,3.0,2.0,2.0,3.0,20.7,Yes,2025-07-03,
523,245,send a thank-you note,relationships,Curiosity / fun,2025/01/17,17 Jan 2025,Created,0.0,1.0,2.0,high,2.0,,,2025-05-20,
524,48,Enter a local art competition,creative,Obligation / should-do,2023-03-02,2023/03/23,researching,2.6,3.0,1.0,3.0,1.0,17.6,Y,2023-03-16,
525,91,START GOING TO THE GYM 3X/WEEK,Fitness & Health,Curiosity / fun,18 Oct 2023,2023/12/22,STARTED ,0.0,3.0,3.0,2.0,2.0,5.1,N,,
526,133,Learn key phrases for a trip,travel,Curiosity / fun,30/12/2023,19 Jan 2024,Researched,0.8,2.0,1.0,3.0,1.0,4.3,FALSE,,
527,297,Learn the basics of investing,Finance,Curiosity / fun,21 Jan 2024,2024-02-21,Research,1.3,3.0,2.0,very high,,10.0,False,,
528,196,Ask for a performance review, Career,Curiosity / fun,2025/03/26,2025/04/12,Research,0.5,1.0,2.0,1.0,1.0,16.2,1,2025-07-09,
529,130,Start a puzzle-solving habit,hobby,Health & wellbeing,2023/11/27,23/06/2024,continued work,2.1,low,1.0,3.0,1.0,15.3,,,
530,302,Build a personal dashboard,SideProject,Career advancement,05-05-2025,05-11-2025,Researched,1.3,2.0,3.0,4.0,2.0,30.9,False,,
531,173,plan a solo trip,travel,Social connection,2023/07/28,18 Aug 2023,Started,,3.0,1.0,5.0,,4.7,yes,2023-09-13,
532,73,Update personal records,HOME & ADMIN,Financial security,01/04/2025,2025/06/01,STARTED ,,,4.0,3.0,2.0,15.2,N,,
533,219, Read one book on statistics  ,learning and skills,Curiosity / fun,2024-04-27,2024-09-12,continued work,1.7,3.0,2.0,4.0,2.0,,TRUE,2024-10-01,
534,195,Book a long-postponed trip,Travel,Career advancement,11/12/2024,2025-02-27,Abandoned,0.0,3.0,1.0,4.0,1.0,,False,,Lack of money
535,20,Start a small garden,HOBBY,Financial security,2024-08-20,2024-09-20,RESEARCHED,,1.0,low,3.0,1.0,6.6,FALSE,,
536,14,Start journaling regularly,HOBBY,Personal growth,2024/06/30,08-13-2024,Replaced,0.0,4.0,2.0,4.0,1.0,4.6,FALSE,,Replaced by a different priority
537,150,Read one book on statistics,Learning&Skills,Obligation / should-do,2023/05/02,02/05/2023,Created,0.0,2.0,2.0,2.0,1.0,2.3,no,,
538,77,Reorganize the wardrobe,Home and Admin,Curiosity / fun,04 Jun 2025,2025-06-28,Research,0.8,2.0,1.0,very low,1.0,4.1,Yes,2025-08-28,
539,140,Reorganize the wardrobe,Home & Admin,Financial security,2023/10/05,10-05-2023,Created,0.0,2.0,2.0,1.0,2.0,6.9,FALSE,,
540,65,Learn touch typing,LEARNING & SKILLS,Curiosity / fun,04-29-2025,10 Jun 2025,STARTED ,0.0,3.0,3.0,,5.0,3.3,1,2025-05-13,
541,57,Research visa requirements,TRAVEL ,Career advancement,2025-02-08,02-24-2025,Researched,0.5,,3.0,5.0,1.0,55.7,No,,
542,9,Plan a family visit,Relationships,Curiosity / fun,2024-07-19,12-29-2024,CONTINUED,0.7,4.0,2.0,3.0,1.0,2.2,False,,
543,90,Learn key phrases for a trip,TRAVEL ,Creative expression,03-28-2024,2024-08-29,abandoned,0.0,3.0,3.0,2.0,1.0,3.1,,,No accountability
544,221,Plan a family visit,Relationships,Social connection,24/05/2023,2023-06-14,Research,2.3,4.0,1.0,5.0,,22.1,TRUE,2023-06-16,
545,262,RESEARCH INVESTMENT OPTIONS,Financial,Curiosity / fun,02-12-2025,2025/02/12,Created,0.0,,2.0,3.0,,12.5,,,
546,220,TRY A NEW RECIPE EVERY WEEK,hobby,Social connection,2024-10-25,25 Oct 2024,CREATED,0.0,3.0,2.0,1.0,2.0,11.2,1,2025-03-06,
547,56,Redesign a personal art portfolio,CREATIVE ,Social connection,02-10-2024,05-23-2024,gave up,0.0,3.0,2.0,2.0,1.0,5.8,True,2024-08-07,Lack of motivation
548,18,learn a new design software,Creative,Creative expression,10 Feb 2024,2024/05/02,PLANNED,0.0,2.0,3.0,3.0,1.0,13.0,0,,
549,8,Start a puzzle-solving habit,Hobby,Health & wellbeing,06 Apr 2025,06/04/2025,Created,,1.0,2.0,1.0,1.0,9.7,,2025-08-15,
550,84,automate a recurring bill payment,home/admin,Curiosity / fun,2023/03/13,2023-03-13,CREATED,0.0,2.0,4.0,3.0,2.0,8.7,N,,
551,172, Call an old friend  ,Relationships,Creative expression,2023-07-12,2023-08-19,delayed,0.0,2.0,1.0,3.0,1.0,14.4,N,,Lack of motivation
552,7,Study for a certification exam,Learning & Skills,Curiosity / fun,10/04/2023,05-04-2023,researching,3.0,,4.0,3.0,1.0,17.1,,,
553,247,Finish an online Python course,Learning&Skills,Health & wellbeing,01 May 2025,01 May 2025,created,0.0,2.0,1.0,3.0,5.0,4.0,yes,2025-09-02,
554,303,Automate a recurring bill payment,home/admin,Personal growth,05-15-2023,2023/05/26,Research,2.8,1.0,2.0,2.0,1.0,7.6,,,
555,76,Review and cut subscriptions,Finance,Obligation / should-do,2023/08/17,10-30-2023,Research,0.5,2.0,medium,3.0,5.0,3.9,1,2023-10-19,
556,101,Start a niche newsletter,side project,Health & wellbeing,03/10/2024,11 Nov 2024,Planned,0.0,4.0,4.0,,3.0,4.5,Yes,2025-02-06,
557,276,Try a new craft technique,Creative,Health & wellbeing,08/03/2025,05-16-2025,Started,0.0,2.0,1.0,4.0,1.0,42.2,Yes,2025-07-30,
558,223,Schedule regular calls with family,relationships,Obligation / should-do,15 Jan 2024,15/01/2024,New,0.0,2.0,2.0,4.0,2.0,9.4,No,,
559,50,Train for a 5k run,Fitness & Health,Career advancement,2023/10/31,01/01/2024,RESEARCHED,3.3,,2.0,2.0,3.0,11.8,TRUE,2023-11-28,
560,316,Plan a family visit,relationships,Health & wellbeing,19/01/2024,21/05/2024,continued work,0.8,3.0,1.0,4.0,1.0,3.9,1,2024-04-23,
561,136,Prototype a small app idea,Side Project,Creative expression,12-08-2024,12-08-2024,New,0.0,,1.0,5.0,3.0,25.6,N,,
562,305,Plan a solo trip,TRAVEL ,Financial security,25 Feb 2024,2024-03-19,Researched,1.1,4.0,3.0,3.0,1.0,5.8,FALSE,,
563,158,Plan a family visit,RELATIONSHIPS,Social connection,11 Jul 2024,11/07/2024,created,0.0,4.0,3.0,3.0,1.0,1.8,yes,2024-09-01,
564,25,Renew an expiring document,HOME & ADMIN,Creative expression,2023-10-28,12/04/2024,continued work,1.1,4.0,1.0,5.0,1.0,13.8,False,,
565,268,Build a personal dashboard,side project,Curiosity / fun,2025-05-03,24/06/2025,planning,0.0,2.0,1.0,3.0,1.0,9.5,,,
566,27,Pay off a small debt,Finance,Personal growth,2023-06-06,27/06/2023,researching,0.4,1.0,2.0,2.0,,3.6,no,,
567,223,Schedule regular calls with family,Relationships,Obligation / should-do,15/01/2024,10/04/2024,continued work,1.3,2.0,2.0,4.0,2.0,9.4,No,,
568,254,Start a puzzle-solving habit,HOBBY,Social connection,2023/01/30,08 Apr 2023,Planned,500.0,very low,2.0,2.0,1.0,24.8,TRUE,2023-08-11,
569,254,START A PUZZLE-SOLVING HABIT,HOBBY,Social connection,2023/01/30,02-21-2023,Research,2.6,1.0,2.0,2.0,1.0,24.8,1,2023-08-11,
570,123,Practice a new software tool weekly,Learning&Skills,Financial security,08 Dec 2024,29 Jan 2025,researching,3.2,3.0,2.0,3.0,1.0,73.8,FALSE,,
571,219,READ ONE BOOK ON STATISTICS,Learning & Skills,Curiosity / fun,2024/04/27,27 Apr 2024,CREATED,0.0,3.0,2.0,4.0,2.0,15.8,True,2024-10-01,
572,106,Start a houseplant collection,HOBBY,Obligation / should-do,05-27-2025,07-24-2025,planning,0.0,1.0,1.0,3.0,,3.6,False,,
573,17,Send a thank-you note,Relationship,Curiosity / fun,2023-03-09,20 Apr 2023,Researched,2.5,2.0,3.0,5.0,1.0,3.9,True,2023-08-15,
574,221, Plan a family visit  ,RELATIONSHIPS,Social connection,2023-05-24,2023/05/24,created,0.0,4.0,1.0,5.0,1.0,22.1,1,2023-06-16,
575,274,Learn touch typing,LEARNING & SKILLS,Obligation / should-do,2025-05-14,12/06/2025,PLANNED,0.0,,2.0,2.0,1.0,3.7,Y,2025-09-16,
576,182,Plan a savings goal,Financial,Creative expression,16/08/2024,07 Sep 2024,planning,0.0,3.0,1.0,4.0,3.0,57.2,FALSE,,
577,130,Start a puzzle-solving habit,HOBBY,Health & wellbeing,27 Nov 2023,03 Mar 2024,postponed,0.0,2.0,1.0,3.0,1.0,15.3,False,,Lost interest
578,69,Call an old friend,Relationship,Career advancement,2023-02-12,2023/03/20,Planned,0.0,2.0,2.0,3.0,,5.3,,,
579,277,Build a personal dashboard,side project,Curiosity / fun,18/07/2023,08-28-2023,completed,0.0,3.0,2.0,5.0,1.0,15.9,,,
580,159,Train for a 5k run,fitness/health,Social connection,03/03/2023,2023/04/05,Postponed,0.0,3.0,2.0,,,3.1,1,2023-06-03,Overestimated effort required
581,20,Start a small garden,HOBBY,Financial security,2024-08-20,05/10/2024,delayed,0.0,1.0,2.0,3.0,1.0,6.6,no,,Blocked by dependency
582,268,Build a personal dashboard,SIDE PROJECT,Curiosity / fun,03 May 2025,05-26-2025,Researched,2.3,2.0,1.0,3.0,1.0,9.5,no,,
583,96,Learn touch typing,Learning&Skills,Creative expression,08-13-2023,20/09/2023,Planned,0.0,2.0,3.0,3.0,5.0,22.4,True,2024-02-21,
584,85,Start a reading challenge,HOBBY,Social connection,10/11/2024,2024-12-19,Continued,7.0,5.0,4.0,3.0,2.0,14.6,,,
585,82, Organize a small get-together  ,Relationship,Career advancement,2023-09-18,02 Oct 2023,Researched,0.6,3.0,1.0,3.0,1.0,13.0,Yes,2024-01-21,
586,20,Start a small garden,hobby,Financial security,20/08/2024,13 Mar 2025,PUSHED BACK,0.0,1.0,2.0,3.0,1.0,6.6,FALSE,,Lack of money
587,63,Research investment options,financial,Financial security,2024-09-11,22/01/2025,Abandoned,-0.0,,3.0,4.0,3.0,26.4,Yes,2024-12-21,Perfectionism / fear of failure
588,309,Plan a weekend getaway,travel,Obligation / should-do,2025/03/07,2025/04/27,Planned,,,4.0,5.0,1.0,4.7,False,,
589,165,RESEARCH FLIGHTS FOR A TRIP, Travel,Social connection,2024/10/29,2025-01-02,Planned,0.0,2.0,4.0,5.0,1.0,5.5,,,
590,171,Build a personal data project,SIDE PROJECT,Creative expression,04/11/2024,01-14-2025,Done!,0.0,2.0,1.0,2.0,4.0,29.3,FALSE,,
591,27,Pay off a small debt,financial,Personal growth,2023/06/06,2023/10/09,ABANDONED,0.0,1.0,2.0,2.0,3.0,3.6,No,,Lack of motivation
592,106,Start a houseplant collection,Hobby,Obligation / should-do,2025-05-27,05-27-2025,Created,0.0,1.0,1.0,3.0,1.0,3.6,no,,
593,297,Learn the basics of investing,Financial,Curiosity / fun,2024/01/21,11/02/2024,RESEARCHED,0.4,3.0,2.0,5.0,1.0,10.0,no,,
594,280,Learn to cook healthier meals,fitness/health,Creative expression,20/04/2024,2024/04/20,created,0.0,3.0,1.0,2.0,2.0,4.5,,,
595,69,Call an old friend,relationships,Career advancement,12 Feb 2023,2023/03/02,researching,0.7,2.0,2.0,3.0,1.0,5.3,FALSE,,
596,158,Plan a family visit,Relationships,Social connection,11/07/2024,26/07/2024,RESEARCHED,0.9,4.0,,3.0,1.0,1.8,Y,2024-09-01,
597,76,Review and cut subscriptions,FINANCIAL,Obligation / should-do,2023-08-17,2024-01-16,postponed,0.0,2.0,3.0,3.0,5.0,3.9,Yes,2023-10-19,No accountability
598,318,Plan a trip itinerary,TRAVEL ,Career advancement,22 Sep 2024,26 Oct 2024,PLANNED,,3.0,2.0,2.0,,8.8,Y,2024-10-26,
599,190,train for a 5k run,fitness/health,Social connection,04-25-2024,2024-04-25,Created,0.0,2.0,1.0,2.0,1.0,10.2,False,,
600,85,START A READING CHALLENGE,HOBBY,Social connection,2024-11-10,02-11-2025,CONTINUED,2.2,5.0,4.0,3.0,2.0,14.6,,,
601,319,Research investment options,financial,Obligation / should-do,05 May 2025,2025-05-09,Research,1.0,,1.0,3.0,3.0,1.0,TRUE,2025-11-21,
602,130,Start a puzzle-solving habit,Hobby,Health & wellbeing,2023/11/27,05-22-2024,Continued,3.0,2.0,1.0,3.0,1.0,15.3,False,,
603,257,Learn basic public speaking,Learning&Skills,Creative expression,2023/08/09,21 Sep 2023,postponed,0.0,3.0,2.0,4.0,3.0,4.0,0,,Overestimated effort required
604,100,LEARN TO COOK HEALTHIER MEALS,fitness/health,Social connection,05/04/2024,2024/05/17,Research,1.3,3.0,1.0,,1.0,2.4,,2024-06-21,
605,70,Fix a recurring household issue,home/admin,Curiosity / fun,2024-11-29,2024-12-31,replaced by something else,0.0,3.0,1.0,1.0,1.0,6.7,Yes,2025-01-08,Replaced by a different priority
606,252,Complete a data visualization course,Learning&Skills,Health & wellbeing,15 May 2025,27 Jul 2025,postponed,0.0,1.0,4.0,,1.0,7.8,,,Unclear next step
607,170,Research a relocation destination,travel,Obligation / should-do,19/11/2023,2024/01/19,start,0.0,3.0,2.0,,1.0,5.1,1,2024-01-01,
608,25,RENEW AN EXPIRING DOCUMENT,Home and Admin,Creative expression,2023-10-28,2024/05/10,CONTINUED,,4.0,1.0,5.0,1.0,13.8,0,,
609,19,Start a home workout routine,FITNESS & HEALTH,Social connection,2023-05-23,2023-05-23,New,0.0,3.0,3.0,2.0,1.0,,Y,2023-10-27,
610,318,Plan a trip itinerary, Travel,Career advancement,22/09/2024,2024-11-29,gave up,0.0,3.0,2.0,,1.0,8.8,Yes,2024-10-26,Competing priorities
611,85,Start a reading challenge,hobby,Social connection,2024/11/10,17 Jan 2025,CONTINUED,3.0,5.0,4.0,3.0,2.0,14.6,FALSE,,
612,54, Complete a data visualization course  ,Learning & Skills,Health & wellbeing,15 Aug 2024,2024-08-15,Created,0.0,1.0,4.0,1.0,1.0,9.2,FALSE,,
613,235, Get a professional certification  , Career,Health & wellbeing,29/09/2023,2023/10/09,researching,3.3,4.0,,3.0,2.0,4.1,Y,2024-01-28,
614,288,Build a portfolio project,SideProject,Curiosity / fun,05 Mar 2023,2023/04/24,PLANNED,0.0,3.0,2.0,5.0,3.0,15.8,,,
615,85,Start a reading challenge,HOBBY,Social connection,10 Nov 2024,2025/02/09,Continued,9.0,5.0,4.0,3.0,2.0,14.6,0,,
616,112,Join a local social group,relationships,Health & wellbeing,07-31-2024,01 Aug 2024,researching,0.4,2.0,2.0,2.0,1.0,5.6,no,,
617,133,Learn key phrases for a trip,TRAVEL ,Curiosity / fun,2023-12-30,16 Apr 2024,Abandoned,0.0,2.0,1.0,3.0,1.0,4.3,FALSE,,Lost interest
618,282,Learn to cook healthier meals,fitness/health,Social connection,2023-03-11,20 Jul 2023,continued work,,2.0,1.0,5.0,1.0,6.5,No,,
619,121,Start a home workout routine,fitness/health,Social connection,04-21-2023,2023/04/21,created,,4.0,1.0,4.0,2.0,11.8,FALSE,,
620,286,Plan a road trip route,travel,Career advancement,21/07/2024,08-12-2024,Researched,0.3,1.0,5.0,2.0,1.0,6.4,N,,
621,20,Start a small garden,Hobby,Financial security,08-20-2024,04-20-2025,Done!,0.0,1.0,2.0,3.0,1.0,6.6,False,,
622,164,PLAN A SAVINGS GOAL,financial,Personal growth,11/02/2023,11/02/2023,created,0.0,1.0,2.0,4.0,2.0,21.3,0,,
623,188,Contribute to an open-source project,SideProject,Creative expression,06/12/2023,2023-12-06,New,0.0,,,4.0,2.0,4.9,no,,
624,65,Learn touch typing,LEARNING & SKILLS,Curiosity / fun,29/04/2025,05-26-2025,planning,,3.0,3.0,2.0,5.0,3.3,True,2025-05-13,
625,171,Build a personal data project,side project,Creative expression,2024-11-04,11-04-2024,CREATED,0.0,2.0,1.0,2.0,4.0,29.3,no,,
626,39,start a freelance side gig,SIDE PROJECT,Financial security,2023-10-13,01-31-2024,Started,,2.0,3.0,3.0,1.0,9.5,False,,
627,200,Start sketching daily,creative,Career advancement,2024-10-15,30/10/2024,RESEARCHED,1.1,2.0,4.0,4.0,1.0,13.7,Yes,2025-01-02,
628,76,Review and cut subscriptions,Finance,Obligation / should-do,2023-08-17,19 Jan 2024,continued work,1.4,2.0,3.0,3.0,5.0,3.9,TRUE,2023-10-19,
629,23,Reconnect with a former colleague,relationships,Social connection,09-02-2024,09-02-2024,Created,0.0,,2.0,3.0,4.0,6.9,No,,
630,46,Plan a road trip route,Travel,Career advancement,04-11-2023,11/04/2023,New,0.0,4.0,2.0,2.0,1.0,15.1,Y,2023-09-10,
631,3,Apply to 10 jobs abroad,Career,Career advancement,12 Aug 2023,31 Aug 2023,Researched,1.0,2.0,2.0,3.0,1.0,1.7,TRUE,2024-01-27,
632,20,Start a small garden,Hobbies,Financial security,2024/08/20,2024/09/24,Research,,1.0,2.0,3.0,1.0,6.6,N,,
633,308,Try a new craft technique,Creativity,Creative expression,2024-11-25,2025/01/07,Planned,0.0,1.0,3.0,2.0,1.0,0.6,no,,
634,312,Start a small blog,side project,Social connection,2023/10/19,04-24-2024,worked on it,4.8,3.0,3.0,2.0,4.0,6.4,yes,2023-12-13,
635,288,build a portfolio project,Side Project,Curiosity / fun,2023/03/05,2023/04/04,Research,0.3,3.0,2.0,5.0,3.0,15.8,0,,
636,135,Prototype a small app idea,SIDE PROJECT,Creative expression,29 Mar 2023,2023-04-18,Research,2.3,4.0,1.0,2.0,1.0,2.3,True,2023-07-25,
637,303,Automate a recurring bill payment,home/admin,Personal growth,05-15-2023,06-12-2023,researching,0.7,1.0,2.0,2.0,1.0,7.6,0,,
638,234,Learn SQL properly,LEARNING & SKILLS,Curiosity / fun,15 May 2023,07-22-2023,CONTINUED,0.9,5.0,4.0,4.0,3.0,17.6,Yes,2023-07-28,
639,282,Learn to cook healthier meals,Fitness and Health,Social connection,2023/03/11,2023/08/16,CONTINUED,0.4,2.0,1.0,5.0,1.0,6.5,False,,
640,173,Plan a solo trip,Travel,Social connection,07-28-2023,2023-10-15,worked on it,3.9,3.0,1.0,5.0,3.0,4.7,True,2023-09-13,
641,26,Ask for a performance review,career,Health & wellbeing,2024/05/27,2024/08/04,Continued,1.8,5.0,1.0,2.0,2.0,5.2,N,,
642,288,Build a portfolio project,Side Project,Curiosity / fun,05/03/2023,03-13-2023,Research,,medium,2.0,5.0,3.0,15.8,FALSE,,
643,223,Schedule regular calls with family,relationships,Obligation / should-do,01-15-2024,02-21-2024,Research,1.3,2.0,2.0,4.0,2.0,9.4,0,,
644,127, Book a long-postponed trip  , Travel,Creative expression,03-19-2024,05 Apr 2024,researching,0.4,1.0,4.0,3.0,1.0,3.3,0,,
645,274,Learn touch typing,Learning&Skills,Obligation / should-do,14/05/2025,05-18-2025,Researched,1.4,3.0,2.0,2.0,1.0,3.7,1,2025-09-16,
646,60,Start a photography project,Creative,Social connection,10-19-2023,05-27-2024,replaced by something else,0.0,2.0,3.0,3.0,2.0,14.4,Yes,2024-03-20,Replaced by a different priority
647,91,Start going to the gym 3x/week,FITNESS & HEALTH,Curiosity / fun,2023-10-18,11-11-2023,Researched,5.1,3.0,3.0,2.0,2.0,5.1,,,
648,115,Reconnect with a former colleague,Relationship,Obligation / should-do,09 Feb 2025,2025/02/22,RESEARCHED,0.7,3.0,4.0,3.0,1.0,17.2,,,
649,290,Research flights for a trip,Travel,Curiosity / fun,19 Jun 2024,06-19-2024,CREATED,0.0,2.0,1.0,4.0,2.0,8.3,,,
650,96,Learn touch typing,Learning & Skills,Creative expression,13/08/2023,07/12/2023,Continued,0.4,2.0,3.0,,5.0,22.4,yes,2024-02-21,
651,227,Organize digital files,HOME & ADMIN,Curiosity / fun,2024/12/03,2025-01-07,RESEARCHED,0.2,3.0,3.0,5.0,,6.6,,,
652,282,Learn to cook healthier meals,FITNESS & HEALTH,Social connection,2023/03/11,20/04/2023,start,0.0,2.0,1.0,5.0,1.0,6.5,FALSE,,
653,189,Learn basic public speaking,LEARNING & SKILLS,Obligation / should-do,12/04/2024,04-27-2024,Research,3.4,1.0,3.0,4.0,2.0,43.0,True,2024-06-01,
654,304,Improve sleep schedule,Fitness & Health,Personal growth,2025/05/01,2025/05/25,Researched,3.1,3.0,4.0,4.0,1.0,43.3,FALSE,,
655,233,Review and cut subscriptions,FINANCIAL,Personal growth,14 May 2023,11 Jun 2023,Researched,3.1,1.0,5.0,1.0,1.0,20.5,No,,
656,154,redesign a personal art portfolio,Creative,Personal growth,2024-11-07,07/11/2024,created,0.0,2.0,2.0,5.0,1.0,41.7,Y,2025-01-21,
657,85,start a reading challenge,hobby,Social connection,10/11/2024,2024/12/15,Began,0.0,5.0,4.0,3.0,,14.6,False,,
658,307,Learn a new design software,creative,Creative expression,2023/09/02,09-26-2023,RESEARCHED,1.1,3.0,1.0,3.0,1.0,5.4,FALSE,,
659,74,Build an emergency fund,Financial,Obligation / should-do,17/03/2025,29 Mar 2025,RESEARCHED,3.9,,2.0,,2.0,4.1,,,
660,79,Update CV and LinkedIn profile,Career,Personal growth,2025-06-17,07-11-2025,researching,0.4,2.0,3.0,1.0,5.0,23.6,0,,
661,126,learn basic public speaking,LEARNING & SKILLS,Obligation / should-do,10-25-2024,11-19-2024,researching,0.3,2.0,1.0,3.0,,21.9,0,,
662,241, Start journaling regularly  ,HOBBY,Curiosity / fun,09 Mar 2023,15 Mar 2023,Research,2.3,3.0,2.0,3.0,2.0,8.5,Yes,2023-08-29,
663,199,Try a new recipe every week,hobby,Personal growth,2024/05/24,26/08/2024,ABANDONED,0.0,3.0,1.0,3.0,1.0,3.3,N,,Low energy / burnout
664,74,Build an emergency fund,FINANCIAL,Obligation / should-do,2025/03/17,2025-04-02,RESEARCHED,2.2,2.0,2.0,3.0,2.0,4.1,no,,
665,117,Deep clean the kitchen,Home & Admin,Career advancement,27/10/2024,2024-12-10,Postponed,0.0,3.0,2.0,4.0,3.0,9.6,TRUE,2025-04-25,Blocked by dependency
666,258,Renew an expiring document,Home and Admin,Curiosity / fun,14 Jan 2024,01-31-2024,RESEARCHED,2.7,1.0,1.0,4.0,1.0,1.2,FALSE,,
667,181,Update personal records,Home & Admin,Social connection,01/10/2023,10-25-2023,PUSHED BACK,,3.0,2.0,3.0,2.0,9.7,False,,Lack of time
668,76,Review and cut subscriptions,financial,Obligation / should-do,17/08/2023,2023/12/16,worked on it,2.5,2.0,3.0,3.0,5.0,,yes,2023-10-19,
669,189,Learn basic public speaking,LEARNING & SKILLS,Obligation / should-do,12/04/2024,04-27-2024,Research,3.4,1.0,3.0,4.0,2.0,43.0,True,2024-06-01,
670,200,Start sketching daily,Creative,Career advancement,15 Oct 2024,2024-11-30,Planned,0.0,2.0,4.0,4.0,1.0,13.7,yes,2025-01-02,
671,9,Plan a family visit,Relationship,Curiosity / fun,2024-07-19,08-31-2024,CONTINUED,3.7,4.0,2.0,3.0,1.0,2.2,0,,
672,304,Improve sleep schedule,FITNESS & HEALTH,Personal growth,01 May 2025,06-04-2025,researching,0.8,3.0,high,4.0,1.0,43.3,no,,
673,261,Create a travel budget,travel,Obligation / should-do,2024-05-12,24 May 2024,Planned,,2.0,3.0,3.0,1.0,13.2,,,
674,197,write a long-overdue message,Relationships,Personal growth,08/09/2023,18/10/2023,postponed,0.0,4.0,3.0,low,1.0,8.1,,,Perfectionism / fear of failure
675,18,Learn a new design software,Creativity,Creative expression,2024-02-10,03-20-2024,researching,2.7,2.0,3.0,,1.0,13.0,No,,
676,170,Research a relocation destination,travel,Obligation / should-do,11-19-2023,2024/01/06,PLANNED,0.0,,2.0,5.0,1.0,5.1,yes,2024-01-01,
677,63,Research investment options,financial,Financial security,11 Sep 2024,10-16-2024,Researched,1.2,2.0,3.0,4.0,3.0,26.4,Y,2024-12-21,
678,38,Write short stories weekly,CREATIVE ,Health & wellbeing,2023/02/02,24/02/2023,PLANNED,0.0,3.0,3.0,3.0,1.0,2.1,False,,
679,165,Research flights for a trip, Travel,Social connection,10-29-2024,2025/03/12,worked on it,3.2,2.0,4.0,5.0,1.0,5.5,,,
680,306,plan a road trip route, Travel,Creative expression,19 Oct 2023,10-19-2023,New,0.0,,4.0,5.0,1.0,3.0,FALSE,,
681,39,Start a freelance side gig,Side Project,Financial security,13/10/2023,2024/05/21,Continued,4.1,,3.0,3.0,1.0,9.5,No,,
682,165,Research flights for a trip,Travel,Social connection,29/10/2024,03 Nov 2024,Research,0.6,2.0,4.0,5.0,1.0,5.5,FALSE,,
683,16,Declutter the apartment,Home & Admin,Curiosity / fun,2023/08/23,2023-08-23,New,0.0,4.0,2.0,3.0,1.0,1.4,N,,
684,291,Fix a recurring household issue,Home & Admin,Curiosity / fun,01/02/2024,2024-02-28,RESEARCHED,0.7,3.0,4.0,3.0,4.0,13.6,FALSE,,
685,249,learn touch typing,learning and skills,Obligation / should-do,12-29-2023,2024/01/20,Research,0.3,2.0,2.0,2.0,1.0,4.6,FALSE,,
686,49,Set up automatic savings,financial,Creative expression,2023-10-20,2024/04/05,Done!,0.0,2.0,2.0,4.0,3.0,2.8,FALSE,,
687,216,Repair a strained relationship,relationships,Career advancement,01-10-2024,01-10-2024,Created,500.0,2.0,1.0,2.0,3.0,17.6,yes,2024-05-04,
688,26,Ask for a performance review,career,Health & wellbeing,2024-05-27,2024-09-23,Postponed,0.0,5.0,1.0,2.0,2.0,5.2,,,Lack of motivation
689,312,Start a small blog,side project,Social connection,10-19-2023,2023-11-19,PLANNED,0.0,3.0,3.0,2.0,4.0,6.4,,2023-12-13,
690,291,Fix a recurring household issue,HOME & ADMIN,Curiosity / fun,2024-02-01,2024-03-24,PLANNED,0.0,3.0,4.0,3.0,4.0,13.6,No,,
691,58,Plan a weekend getaway,Travel,Health & wellbeing,07-30-2024,30 Jul 2024,New,0.0,1.0,2.0,4.0,1.0,4.7,0,,
692,55,Schedule regular calls with family,relationships,Curiosity / fun,09-25-2023,2023-12-27,STARTED ,,4.0,1.0,4.0,1.0,3.4,Y,2024-04-09,
693,260,Start meditating daily,Fitness & Health,Social connection,2023/02/20,04-21-2023,abandoned,0.0,3.0,3.0,3.0,1.0,10.9,No,,Competing priorities
694,26,ASK FOR A PERFORMANCE REVIEW,career,Health & wellbeing,27 May 2024,26/06/2024,RESEARCHED,2.0,,1.0,2.0,2.0,5.2,,,
695,91,Start going to the gym 3x/week,fitness/health,Curiosity / fun,2023/10/18,2023-12-01,Planned,0.0,3.0,3.0,2.0,2.0,5.1,False,,
696,301,Improve sleep schedule,FITNESS & HEALTH,Health & wellbeing,2023-03-21,2023/04/24,researching,1.0,high,1.0,2.0,1.0,7.0,N,,
697,170,Research a relocation destination,TRAVEL ,Obligation / should-do,2023-11-19,21/11/2023,Research,0.3,3.0,2.0,5.0,1.0,5.1,1,2024-01-01,
698,167,STUDY FOR A CERTIFICATION EXAM,LEARNING & SKILLS,Curiosity / fun,23 Dec 2023,2023-12-23,CREATED,0.0,1.0,1.0,2.0,,7.9,FALSE,,
699,18,Learn a new design software,Creative,Creative expression,2024/02/10,2024/04/21,Postponed,0.0,2.0,3.0,3.0,1.0,13.0,False,,Low energy / burnout
700,249,Learn touch typing,learning and skills,Obligation / should-do,2023-12-29,01-02-2024,Research,0.6,2.0,2.0,2.0,1.0,4.6,False,,
701,2,Practice a new software tool weekly,Learning & Skills,Career advancement,2023-03-31,08/05/2023,Research,1.3,2.0,4.0,4.0,1.0,,no,,
702,225,plan a road trip route,TRAVEL ,Social connection,02-22-2024,2024/03/16,Researched,1.6,4.0,4.0,4.0,1.0,35.5,False,,
703,186,Find a mentor in my field, Career,Obligation / should-do,02-01-2025,28 Mar 2025,CONTINUED,1.1,1.0,1.0,3.0,4.0,7.7,0,,
704,111,Learn to cook healthier meals,FITNESS & HEALTH,Career advancement,05-11-2023,07-09-2023,PUSHED BACK,0.0,3.0,low,4.0,,11.1,No,,Perfectionism / fear of failure
705,300,Try a new craft technique,Creative,Financial security,02-23-2025,23/02/2025,Created,0.0,5.0,5.0,4.0,,13.9,False,,
706,57, Research visa requirements  ,TRAVEL ,Career advancement,2025-02-08,14/04/2025,delayed,0.0,,3.0,,1.0,55.7,No,,Competing priorities
707,139,Build a personal dashboard,side project,Curiosity / fun,12-19-2023,2023/12/19,created,-0.0,2.0,3.0,2.0,3.0,13.9,No,,
708,84,Automate a recurring bill payment,Home & Admin,Curiosity / fun,2023/03/13,2023/04/25,researching,0.9,2.0,4.0,3.0,2.0,8.7,N,,
709,96,Learn touch typing,Learning&Skills,Creative expression,2023/08/13,2024-03-03,worked on it,2.7,2.0,3.0,3.0,5.0,22.4,,2024-02-21,
710,96,Learn touch typing,learning and skills,Creative expression,2023-08-13,29/11/2023,Postponed,0.0,2.0,3.0,3.0,5.0,22.4,True,2024-02-21,Lack of motivation
711,141,Read one book on statistics,learning and skills,Personal growth,11-20-2023,30/01/2024,Abandoned,0.0,2.0,3.0,2.0,1.0,2.0,TRUE,2024-04-19,Unclear next step
712,107,Plan a solo trip, Travel,Obligation / should-do,12-27-2023,2023/12/30,Research,1.3,3.0,1.0,3.0,1.0,4.5,0,,
713,134,Plan a savings goal,Finance,Career advancement,2024-12-19,2025/03/23,start,0.0,3.0,2.0,5.0,1.0,21.8,False,,
714,179,Organize a small get-together,Relationship,Personal growth,09-05-2024,05 Sep 2024,created,,4.0,3.0,4.0,,28.3,0,,
715,100,LEARN TO COOK HEALTHIER MEALS,Fitness & Health,Social connection,05/04/2024,2024/04/28,RESEARCHED,4.1,3.0,1.0,3.0,1.0,2.4,yes,2024-06-21,
716,187,Write a long-overdue message,relationships,Personal growth,05-22-2024,29/05/2024,RESEARCHED,0.8,2.0,,1.0,1.0,12.1,0,,
717,39,start a freelance side gig,SideProject,Financial security,2023-10-13,27/07/2024,Postponed,0.0,2.0,3.0,3.0,1.0,9.5,No,,Unclear next step
718,111,Learn to cook healthier meals,FITNESS & HEALTH,Career advancement,11 May 2023,08/06/2023,RESEARCHED,0.9,3.0,2.0,4.0,1.0,11.1,FALSE,,
719,185,Start a photography project,CREATIVE ,Obligation / should-do,2024/08/08,29 Aug 2024,Research,0.9,4.0,very low,3.0,1.0,23.9,no,,
720,28,Start a small blog,SideProject,Career advancement,09-05-2024,2024-10-19,Research,0.3,,1.0,3.0,,2.7,,,
721,289,Learn basic public speaking,learning and skills,Creative expression,2024/10/23,2024/11/30,RESEARCHED,1.0,3.0,4.0,3.0,1.0,11.7,yes,2025-01-08,
722,148,Research a relocation destination,TRAVEL ,Career advancement,13/08/2024,18/08/2024,researching,0.6,3.0,2.0,4.0,3.0,20.3,FALSE,,
723,15,CREATE A TRAVEL BUDGET, Travel,Financial security,2023/10/04,04/10/2023,Created,0.0,,4.0,3.0,3.0,0.8,N,,
724,134,PLAN A SAVINGS GOAL,Finance,Career advancement,12-19-2024,05-05-2025,Continued,3.1,,2.0,5.0,1.0,21.8,FALSE,,
725,299,Build an automation script,side project,Personal growth,2023/01/19,09/02/2023,planning,0.0,2.0,5.0,2.0,2.0,32.7,0,,
726,91,Start going to the gym 3x/week,Fitness and Health,Curiosity / fun,2023/10/18,2024/02/16,worked on it,2.1,medium,3.0,2.0,2.0,5.1,FALSE,,
727,214,Plan a weekend getaway, Travel,Health & wellbeing,02-03-2025,09 Jun 2025,CONTINUED,1.5,1.0,1.0,4.0,1.0,11.2,No,,
728,311, Build a portfolio website  ,CAREER,Health & wellbeing,06-14-2025,2025-07-05,RESEARCHED,0.8,3.0,2.0,2.0,1.0,6.7,no,,
729,249,Learn touch typing,LEARNING & SKILLS,Obligation / should-do,29 Dec 2023,2024-01-03,researching,1.3,2.0,2.0,2.0,1.0,4.6,0,,
730,9,Plan a family visit,relationships,Curiosity / fun,2024-07-19,06/11/2024,continued work,1.0,4.0,2.0,3.0,1.0,2.2,FALSE,,
731,168,Learn conversational Spanish,Learning & Skills,Creative expression,2023/12/04,25 Dec 2023,RESEARCHED,0.6,3.0,,2.0,3.0,6.7,FALSE,,
732,255,set up a filing system,home/admin,Obligation / should-do,01-07-2023,07/01/2023,created,0.0,4.0,3.0,2.0,,24.3,True,2023-02-26,
733,34,CONTRIBUTE TO AN OPEN-SOURCE PROJECT,side project,Social connection,17/01/2025,2025-01-29,Research,3.3,3.0,,5.0,2.0,4.1,No,,
734,148,Research a relocation destination,TRAVEL ,Career advancement,13 Aug 2024,2024-08-13,CREATED,0.0,3.0,,4.0,3.0,20.3,N,,
735,26,Ask for a performance review,Career,Health & wellbeing,2024-05-27,2024-10-15,CONTINUED,1.5,5.0,1.0,2.0,2.0,5.2,0,,
736,282,Learn to cook healthier meals,Fitness and Health,Social connection,2023/03/11,02/04/2023,Research,0.5,2.0,,5.0,1.0,,No,,
737,163,Start a puzzle-solving habit,hobby,Career advancement,27/01/2023,2023-03-18,Research,1.6,2.0,2.0,5.0,1.0,20.7,Yes,2023-08-01,
738,15,Create a travel budget,TRAVEL ,Financial security,2023/10/04,25/10/2023,Researched,,3.0,4.0,3.0,,0.8,No,,
739,181,Update personal records,HOME & ADMIN,Social connection,2023-10-01,2023/11/06,PLANNED,0.0,3.0,2.0,3.0,2.0,9.7,N,,
740,69,Call an old friend,Relationships,Career advancement,12/02/2023,2023-08-03,worked on it,4.4,2.0,2.0,3.0,1.0,5.3,No,,
741,55, Schedule regular calls with family  ,RELATIONSHIPS,Curiosity / fun,25/09/2023,28 Oct 2023,researching,0.8,4.0,1.0,4.0,1.0,3.4,Y,2024-04-09,
742,176,Write short stories weekly,Creativity,Personal growth,2024-04-17,2024-04-25,researching,1.2,,1.0,3.0,,23.8,N,,
743,238,start a freelance side gig,SideProject,Career advancement,04-14-2024,04-14-2024,CREATED,0.0,4.0,1.0,3.0,3.0,3.4,No,,
744,219,Read one book on statistics,LEARNING & SKILLS,Curiosity / fun,2024/04/27,2024/05/29,Began,0.0,3.0,2.0,4.0,2.0,15.8,Yes,2024-10-01,
745,206,Build an emergency fund,Financial,Career advancement,02 Aug 2024,16 Aug 2024,Planned,0.0,3.0,2.0,3.0,3.0,3.3,FALSE,,
746,205,Start a puzzle-solving habit,HOBBY,Obligation / should-do,2024/12/17,01-12-2025,Research,0.6,3.0,1.0,3.0,3.0,38.7,,,
747,295,Organize digital files,Home and Admin,Curiosity / fun,19/08/2024,16 Oct 2024,researching,1.1,4.0,,3.0,,4.0,False,,
748,55,schedule regular calls with family,relationships,Curiosity / fun,25/09/2023,07/04/2024,Completed,0.0,4.0,1.0,high,1.0,3.4,,2024-04-09,
749,297,Learn the basics of investing,Financial,Curiosity / fun,2024-01-21,10/04/2024,gave up,0.0,3.0,2.0,5.0,1.0,10.0,no,,Blocked by dependency
750,203,Track spending for a month,FINANCIAL,Obligation / should-do,05-15-2025,03/06/2025,Researched,0.5,4.0,2.0,5.0,1.0,39.0,0,,
751,184,Build a personal dashboard,SideProject,Curiosity / fun,2024-01-22,26/02/2024,Research,0.3,3.0,3.0,3.0,1.0,9.7,No,,
752,306,Plan a road trip route,travel,Creative expression,2023-10-19,01-05-2024,CONTINUED,3.5,,4.0,5.0,1.0,3.0,no,,
753,252,Complete a data visualization course,LEARNING & SKILLS,Health & wellbeing,15/05/2025,2025/06/28,researching,3.2,1.0,4.0,3.0,1.0,7.8,,,
754,197,Write a long-overdue message,Relationship,Personal growth,09-08-2023,02/03/2024,finished,,4.0,3.0,2.0,1.0,8.1,False,,
755,64,Plan a savings goal,FINANCIAL,Career advancement,2023-09-15,15 Sep 2023,Created,0.0,3.0,3.0,3.0,2.0,7.3,no,,
756,26,Ask for a performance review,Career ,Health & wellbeing,2024-05-27,12-05-2024,Continued,525.0,5.0,1.0,2.0,2.0,5.2,N,,
757,244,Schedule regular calls with family,Relationship,Creative expression,28/06/2025,2025-07-23,Researched,0.6,4.0,1.0,3.0,1.0,56.3,TRUE,2025-10-06,
758,157,Research a relocation destination,Travel,Financial security,2024/12/04,18 Dec 2024,Researched,515.0,3.0,1.0,3.0,2.0,13.5,True,2025-02-23,
759,60,Start a photography project,Creativity,Social connection,2023/10/19,2024/01/04,Continued,1.3,2.0,,3.0,2.0,14.4,Y,2024-03-20,
760,63,Research investment options,Finance,Financial security,09-11-2024,2024-11-09,Postponed,0.0,,3.0,4.0,3.0,26.4,True,2024-12-21,Lack of money
761,108,Repair a strained relationship,Relationships,Financial security,2025-02-04,05-14-2025,postponed,0.0,3.0,1.0,2.0,2.0,4.9,0,,Lack of motivation
762,143,Read one book on statistics,LEARNING & SKILLS,Social connection,31/10/2023,2023/10/31,CREATED,0.0,3.0,low,2.0,3.0,7.9,yes,2023-12-29,
763,241,Start journaling regularly,Hobby,Curiosity / fun,09 Mar 2023,2023/04/06,delayed,0.0,3.0,2.0,,2.0,8.5,TRUE,2023-08-29,Lost interest
764,316,Plan a family visit,RELATIONSHIPS,Health & wellbeing,01-19-2024,29/04/2024,CONTINUED,1.1,3.0,1.0,4.0,1.0,3.9,TRUE,2024-04-23,
765,140,Reorganize the wardrobe,Home and Admin,Financial security,2023-10-05,08/10/2023,Research,0.7,,2.0,1.0,2.0,6.9,No,,
766,271,Start a small garden,Hobby,Social connection,27 Dec 2024,2025/01/18,researching,1.7,1.0,1.0,4.0,2.0,4.9,,,
767,259,Start a reading challenge,HOBBY,Personal growth,2023/03/28,06 Apr 2023,Researched,0.9,3.0,5.0,3.0,2.0,8.8,FALSE,,
768,221,Plan a family visit,RELATIONSHIPS,Social connection,2023-05-24,07-11-2023,Planned,0.0,,1.0,5.0,1.0,22.1,Y,2023-06-16,
769,62,learn conversational spanish,LEARNING & SKILLS,Personal growth,28/09/2023,06/10/2023,researching,0.9,3.0,4.0,2.0,3.0,6.8,1,2023-11-08,
770,271,Start a small garden,Hobbies,Social connection,2024/12/27,24/03/2025,gave up,0.0,1.0,1.0,4.0,2.0,4.9,0,,Overestimated effort required
771,91,Start going to the gym 3x/week,Fitness & Health,Curiosity / fun,18 Oct 2023,22 May 2024,Postponed,0.0,3.0,3.0,2.0,2.0,5.1,No,,Blocked by dependency
772,121,Start a home workout routine,Fitness & Health,Social connection,21/04/2023,11 May 2023,RESEARCHED,0.7,4.0,1.0,4.0,,11.8,False,,
773,200,START SKETCHING DAILY,CREATIVE ,Career advancement,15 Oct 2024,24/10/2024,researching,1.9,low,4.0,4.0,1.0,13.7,Y,2025-01-02,
774,169,Compare insurance providers,Finance,Career advancement,04-13-2025,2025-05-11,Researched,2.6,3.0,,2.0,3.0,9.5,,,
775,61,Learn basic calligraphy,Hobby,Social connection,14 Nov 2024,2025-01-19,Completed,,,1.0,high,2.0,8.0,FALSE,,
776,254,Start a puzzle-solving habit,Hobbies,Social connection,30/01/2023,2023-06-11,Done!,0.0,1.0,,2.0,1.0,24.8,True,2023-08-11,
777,125,START A HOUSEPLANT COLLECTION,Hobby,Curiosity / fun,2023/12/22,27/12/2023,Researched,2.0,2.0,3.0,5.0,2.0,34.3,N,,
778,51,Organize digital files,home/admin,Personal growth,21/02/2023,30 Apr 2023,Continued,-3.0,1.0,3.0,5.0,,2.1,FALSE,,
779,30,Finish a painting series,creative,Health & wellbeing,04 Sep 2023,2024-01-09,DONE,0.0,4.0,,1.0,2.0,10.7,0,,
780,297,Learn the basics of investing,FINANCIAL,Curiosity / fun,2024-01-21,10 Mar 2024,researching,1.1,3.0,2.0,very high,1.0,10.0,No,,
781,161,Learn the basics of investing,Finance,Health & wellbeing,2024-07-06,02/09/2024,Abandoned,0.0,4.0,1.0,3.0,1.0,5.5,FALSE,,Competing priorities
782,292,START A HOUSEPLANT COLLECTION,Hobbies,Curiosity / fun,19/03/2025,05-23-2025,gave up,0.0,1.0,3.0,3.0,2.0,15.0,No,,Lost interest
783,302,Build a personal dashboard,SideProject,Career advancement,05/05/2025,03/06/2025,researching,1.6,2.0,3.0,,2.0,30.9,0,,
784,130,Start a puzzle-solving habit,HOBBY,Health & wellbeing,11-27-2023,2023-11-27,CREATED,0.0,2.0,1.0,3.0,1.0,15.3,,,
785,170,Research a relocation destination,Travel,Obligation / should-do,11-19-2023,22/05/2024,gave up,,3.0,2.0,5.0,1.0,5.1,yes,2024-01-01,Lost interest
786,313,Research flights for a trip,travel,Health & wellbeing,31 May 2023,19 Jul 2023,Research,0.4,3.0,1.0,1.0,2.0,15.8,FALSE,,
787,100,learn to cook healthier meals,Fitness & Health,Social connection,05/04/2024,11 Jun 2024,RESEARCHED,2.2,3.0,1.0,3.0,1.0,2.4,Y,2024-06-21,
788,60,Start a photography project,Creative,Social connection,10-19-2023,04/04/2024,continued work,1.0,2.0,3.0,3.0,2.0,14.4,yes,2024-03-20,
789,14,Start journaling regularly,HOBBY,Personal growth,2024/06/30,15/07/2024,Research,1.1,4.0,2.0,4.0,1.0,4.6,False,,
790,133,Learn key phrases for a trip, Travel,Curiosity / fun,30/12/2023,2024/02/24,Planned,0.0,2.0,1.0,3.0,1.0,4.3,No,,
791,25,Renew an expiring document,home/admin,Creative expression,2023-10-28,08 Mar 2024,PUSHED BACK,0.0,4.0,very low,5.0,1.0,13.8,no,,Blocked by dependency
792,268,Build a personal dashboard,SIDE PROJECT,Curiosity / fun,05-03-2025,06-07-2025,Research,1.8,2.0,1.0,3.0,1.0,9.5,,,
793,312,Start a small blog,SideProject,Social connection,2023/10/19,05-11-2024,Completed,0.0,3.0,3.0,2.0,4.0,6.4,yes,2023-12-13,
794,188,Contribute to an open-source project,SideProject,Creative expression,2023-12-06,17 Dec 2023,researching,2.5,,1.0,4.0,,4.9,0,,
795,234,Learn SQL properly,Learning & Skills,Curiosity / fun,15/05/2023,2023-05-17,Research,1.5,5.0,4.0,4.0,3.0,17.6,1,2023-07-28,
796,39,start a freelance side gig,SideProject,Financial security,2023/10/13,2024/06/17,CONTINUED,3.9,2.0,3.0,3.0,1.0,9.5,FALSE,,
797,308,Try a new craft technique,creative,Creative expression,25 Nov 2024,06-15-2025,DONE,0.0,1.0,3.0,2.0,1.0,0.6,no,,
798,138,Redesign a personal art portfolio,Creativity,Creative expression,11-10-2024,2024-11-10,created,,3.0,2.0,2.0,2.0,12.2,False,,
799,61,Learn basic calligraphy,Hobby,Social connection,14/11/2024,10/01/2025,PLANNED,0.0,2.0,1.0,4.0,2.0,8.0,No,,
800,65,Learn touch typing,LEARNING & SKILLS,Curiosity / fun,29 Apr 2025,2025-05-09,Researched,0.2,3.0,3.0,2.0,5.0,3.3,Y,2025-05-13,
801,80,Learn a card or board game deeply,hobby,Curiosity / fun,09 Feb 2023,02-23-2023,RESEARCHED,1.2,2.0,1.0,very high,1.0,24.9,1,2023-06-14,
802,273,Collect and organize a hobby set,hobby,Curiosity / fun,2025-05-01,22 May 2025,RESEARCHED,0.6,3.0,3.0,,1.0,24.0,FALSE,,
803,282,Learn to cook healthier meals,FITNESS & HEALTH,Social connection,11 Mar 2023,15 Apr 2023,Planned,0.0,2.0,1.0,5.0,1.0,6.5,FALSE,,
804,174,Plan a trip itinerary, Travel,Financial security,05/05/2023,2023-05-28,Research,0.5,2.0,2.0,3.0,2.0,49.9,TRUE,2023-10-27,
805,174,Plan a trip itinerary, Travel,Financial security,05/05/2023,07 Oct 2023,PUSHED BACK,0.0,2.0,2.0,3.0,2.0,49.9,True,2023-10-27,Low energy / burnout
806,234,Learn SQL properly,LEARNING & SKILLS,Curiosity / fun,05-15-2023,25 Jun 2023,Started,0.0,5.0,4.0,4.0,3.0,17.6,True,2023-07-28,
807,126,Learn basic public speaking,LEARNING & SKILLS,Obligation / should-do,2024/10/25,2024-11-06,researching,1.6,,,3.0,2.0,21.9,No,,
808,63,Research investment options,FINANCIAL,Financial security,11/09/2024,2024/09/23,RESEARCHED,0.9,2.0,3.0,4.0,3.0,26.4,Y,2024-12-21,
809,182,Plan a savings goal,FINANCIAL,Creative expression,2024/08/16,2024-08-27,Research,3.8,3.0,1.0,4.0,3.0,57.2,False,,
810,296,Compare insurance providers,FINANCIAL,Health & wellbeing,13 May 2023,19/06/2023,planning,,,2.0,3.0,1.0,5.5,,,
811,285,Finish an online Python course,Learning & Skills,Obligation / should-do,21 Sep 2024,14/11/2024,researching,3.8,3.0,3.0,2.0,1.0,3.2,False,,
812,227,Organize digital files,home/admin,Curiosity / fun,03/12/2024,07 Feb 2025,Started,,3.0,3.0,,2.0,6.6,False,,
813,97,Prepare for technical interviews,CAREER,Creative expression,05-18-2025,16/07/2025,CONTINUED,1.3,3.0,1.0,1.0,2.0,4.1,Yes,2025-07-05,
814,165,Research flights for a trip,travel,Social connection,2024-10-29,07 Dec 2024,RESEARCHED,1.8,2.0,4.0,5.0,1.0,5.5,No,,
815,103,Improve sleep schedule,fitness/health,Personal growth,2023/08/25,25/08/2023,Created,0.0,medium,2.0,3.0,1.0,4.9,0,,
816,44,Finish an online Python course,LEARNING & SKILLS,Personal growth,16/07/2023,2023-07-16,CREATED,0.0,4.0,1.0,3.0,1.0,8.8,1,2023-11-21,
817,124,Learn to use Power BI,LEARNING & SKILLS,Health & wellbeing,20 May 2025,20/05/2025,created,0.0,3.0,2.0,4.0,3.0,10.0,N,,
818,277,Build a personal dashboard,SideProject,Curiosity / fun,07-18-2023,02/08/2023,planning,0.0,3.0,2.0,5.0,1.0,15.9,FALSE,,
819,218,Start a small garden,HOBBY,Curiosity / fun,22 Apr 2025,2025-05-27,postponed,,3.0,3.0,3.0,1.0,6.8,False,,Lack of money
820,27,Pay off a small debt,Finance,Personal growth,06 Jun 2023,2023-06-06,created,0.0,1.0,2.0,2.0,3.0,3.6,0,,
821,61,Learn basic calligraphy,Hobbies,Social connection,11-14-2024,01-14-2025,start,0.0,2.0,,4.0,2.0,8.0,N,,
822,111,Learn to cook healthier meals,Fitness and Health,Career advancement,05-11-2023,2023-10-17,completed,0.0,3.0,2.0,4.0,1.0,11.1,FALSE,,
823,101,Start a niche newsletter,SideProject,Health & wellbeing,2024/10/03,12/02/2025,postponed,0.0,4.0,4.0,1.0,,4.5,1,2025-02-06,No accountability
824,301,Improve sleep schedule,fitness/health,Health & wellbeing,2023-03-21,2023-05-08,PLANNED,0.0,4.0,1.0,2.0,1.0,7.0,FALSE,,
825,219,Read one book on statistics,Learning & Skills,Curiosity / fun,2024/04/27,22 Jun 2024,CONTINUED,0.7,3.0,2.0,4.0,2.0,15.8,Yes,2024-10-01,
826,206, Build an emergency fund  ,Financial,Career advancement,2024-08-02,08/08/2024,researching,0.8,3.0,2.0,3.0,3.0,3.3,no,,
827,160,Research a relocation destination,travel,Obligation / should-do,04-24-2024,2024/04/24,Created,0.0,4.0,2.0,4.0,1.0,8.4,,,
828,127,book a long-postponed trip,TRAVEL ,Creative expression,19 Mar 2024,2024-07-12,CONTINUED,2.3,1.0,4.0,3.0,1.0,3.3,0,,
829,243,Finish an online Python course,learning and skills,Financial security,23 May 2025,09 Jun 2025,Researched,3.8,1.0,1.0,2.0,3.0,6.3,no,,
830,58,Plan a weekend getaway,TRAVEL ,Health & wellbeing,2024-07-30,08-23-2024,researching,0.5,1.0,2.0,4.0,,4.7,FALSE,,
831,25,Renew an expiring document,Home and Admin,Creative expression,2023-10-28,07 Feb 2024,Continued,4.2,4.0,1.0,5.0,1.0,13.8,N,,
832,49,set up automatic savings,financial,Creative expression,2023-10-20,14/01/2024,CONTINUED,1.0,2.0,2.0,4.0,3.0,2.8,N,,
833,130,Start a puzzle-solving habit,Hobby,Health & wellbeing,27/11/2023,18 Apr 2024,CONTINUED,,2.0,1.0,3.0,1.0,15.3,N,,
834,28,Start a small blog,SideProject,Career advancement,05 Sep 2024,09-25-2024,researching,4.0,4.0,,3.0,3.0,2.7,no,,
835,222,Research a relocation destination,travel,Personal growth,10/04/2023,17/05/2023,researching,0.3,2.0,3.0,2.0,1.0,45.7,Yes,2023-09-08,
836,108,REPAIR A STRAINED RELATIONSHIP,RELATIONSHIPS,Financial security,2025/02/04,2025-03-02,researching,0.6,3.0,1.0,2.0,2.0,4.9,No,,
837,313,Research flights for a trip,Travel,Health & wellbeing,05-31-2023,2023-09-14,abandoned,0.0,3.0,1.0,1.0,2.0,15.8,No,,Unclear next step
838,182,Plan a savings goal,financial,Creative expression,08-16-2024,11/10/2024,Continued,1.1,3.0,1.0,4.0,3.0,57.2,,,
839,73,Update personal records,Home & Admin,Financial security,2025-04-01,2025/04/27,researching,1.0,3.0,4.0,3.0,2.0,15.2,,,
840,214,Plan a weekend getaway,travel,Health & wellbeing,2025/02/03,12 Apr 2025,Planned,0.0,1.0,very low,4.0,1.0,11.2,False,,
841,164,Plan a savings goal,Financial,Personal growth,11/02/2023,02 Mar 2023,RESEARCHED,0.2,1.0,,,2.0,21.3,False,,
842,165,Research flights for a trip,TRAVEL ,Social connection,2024-10-29,29/10/2024,CREATED,0.0,2.0,4.0,5.0,1.0,,no,,
843,258,Renew an expiring document,Home & Admin,Curiosity / fun,14 Jan 2024,16/02/2024,researching,0.6,1.0,,4.0,1.0,1.2,N,,
844,284, Track spending for a month  ,financial,Social connection,07/04/2024,2024-04-21,RESEARCHED,0.3,4.0,2.0,3.0,4.0,12.9,Yes,2024-07-24,
845,312,Start a small blog,SideProject,Social connection,2023-10-19,2023-12-19,STARTED ,0.0,3.0,3.0,2.0,4.0,6.4,,2023-12-13,
846,174,Plan a trip itinerary,travel,Financial security,05/05/2023,2023-06-19,Research,1.4,2.0,2.0,3.0,2.0,49.9,1,2023-10-27,
847,158,Plan a family visit,relationships,Social connection,11/07/2024,25/08/2024,RESEARCHED,1.8,4.0,3.0,,1.0,1.8,1,2024-09-01,
848,70,FIX A RECURRING HOUSEHOLD ISSUE,home/admin,Curiosity / fun,2024-11-29,2024-12-31,replaced by something else,0.0,3.0,1.0,1.0,1.0,6.7,Yes,2025-01-08,Replaced by a different priority
849,287,Plan a road trip route,travel,Creative expression,2024-10-29,09/12/2024,planning,0.0,medium,3.0,4.0,1.0,7.0,1,2025-04-15,
850,69,CALL AN OLD FRIEND,relationships,Career advancement,12 Feb 2023,2023/03/02,researching,0.7,2.0,2.0,3.0,1.0,5.3,FALSE,,
851,153,Plan a savings goal,FINANCIAL,Financial security,2024/09/27,27/09/2024,created,0.0,2.0,2.0,5.0,2.0,23.0,1,2024-11-05,
852,244,Schedule regular calls with family,RELATIONSHIPS,Creative expression,2025/06/28,19 Jul 2025,researching,0.7,4.0,1.0,3.0,1.0,56.3,Y,2025-10-06,
853,167,Study for a certification exam,Learning&Skills,Curiosity / fun,23 Dec 2023,25 Dec 2023,RESEARCHED,0.2,1.0,1.0,2.0,1.0,7.9,No,,
854,51,Organize digital files,HOME & ADMIN,Personal growth,2023-02-21,18/05/2023,worked on it,515.0,1.0,3.0,5.0,2.0,2.1,no,,
855,55,Schedule regular calls with family,RELATIONSHIPS,Curiosity / fun,2023-09-25,03/04/2024,CONTINUED,,4.0,1.0,4.0,1.0,3.4,1,2024-04-09,
856,84,Automate a recurring bill payment,Home & Admin,Curiosity / fun,13/03/2023,05/04/2023,RESEARCHED,1.0,2.0,4.0,3.0,2.0,8.7,,,
857,304,Improve sleep schedule,Fitness & Health,Personal growth,2025/05/01,14/05/2025,Researched,6.1,3.0,4.0,4.0,1.0,43.3,0,,
858,312,Start a small blog,Side Project,Social connection,2023/10/19,29/01/2024,Continued,0.9,3.0,3.0,2.0,,6.4,Y,2023-12-13,
859,62,Learn conversational Spanish,Learning&Skills,Personal growth,28/09/2023,2023-10-21,Postponed,0.0,3.0,4.0,2.0,3.0,6.8,TRUE,2023-11-08,Unclear next step
860,72,Cut down on sugar,fitness/health,Personal growth,21 Jun 2025,24/06/2025,Research,0.3,low,2.0,3.0,1.0,3.9,False,,
861,9,Plan a family visit,Relationships,Curiosity / fun,2024-07-19,12-04-2024,Continued,6.6,4.0,2.0,3.0,1.0,2.2,No,,
862,6,Plan a date night routine,Relationships,Health & wellbeing,12/10/2023,2023/10/12,Created,0.0,3.0,1.0,3.0,1.0,6.3,True,2024-01-20,
863,111,Learn to cook healthier meals,Fitness & Health,Career advancement,05-11-2023,24 Aug 2023,worked on it,2.0,3.0,2.0,4.0,1.0,11.1,,,
864,25,Renew an expiring document,HOME & ADMIN,Creative expression,28 Oct 2023,14/11/2023,researching,0.7,4.0,1.0,very high,1.0,13.8,No,,
865,213,Build a personal dashboard,Side Project,Social connection,07/10/2023,2023/10/07,created,0.0,,1.0,4.0,1.0,5.9,no,,
866,85,Start a reading challenge,Hobby,Social connection,10 Nov 2024,28 Feb 2025,PUSHED BACK,,5.0,4.0,3.0,2.0,14.6,,,Lack of money
867,130,Start a puzzle-solving habit,Hobbies,Health & wellbeing,27/11/2023,05 Jan 2024,PLANNED,0.0,2.0,1.0,3.0,1.0,15.3,FALSE,,
868,13,SET UP A FILING SYSTEM,home/admin,Health & wellbeing,2023-08-03,18 Aug 2023,Postponed,0.0,2.0,2.0,2.0,1.0,,0,,Competing priorities
869,161,Learn the basics of investing,Finance,Health & wellbeing,2024-07-06,07-11-2024,researching,0.3,4.0,1.0,3.0,1.0,5.5,no,,
870,111,Learn to cook healthier meals,FITNESS & HEALTH,Career advancement,11/05/2023,2023-05-17,RESEARCHED,1.1,3.0,2.0,4.0,1.0,11.1,no,,
871,169,Compare insurance providers,financial,Career advancement,13 Apr 2025,21/06/2025,Research,1.7,3.0,3.0,2.0,3.0,9.5,False,,
872,219, Read one book on statistics  ,Learning&Skills,Curiosity / fun,27/04/2024,01/07/2024,Postponed,0.0,medium,2.0,4.0,2.0,15.8,yes,2024-10-01,Lack of time
873,95,Repair a strained relationship,RELATIONSHIPS,Career advancement,2024-02-14,06/03/2024,researching,3.6,low,1.0,1.0,2.0,35.9,1,2024-08-13,
874,238,Start a freelance side gig,SIDE PROJECT,Career advancement,2024/04/14,06/05/2024,Research,2.4,4.0,1.0,3.0,3.0,3.4,N,,
875,170,Research a relocation destination,travel,Obligation / should-do,2023-11-19,16/03/2024,postponed,0.0,,2.0,5.0,1.0,5.1,True,2024-01-01,Lack of motivation
876,73,Update personal records,Home and Admin,Financial security,2025-04-01,2025/04/15,Research,600.0,3.0,4.0,3.0,2.0,15.2,0,,
877,123,Practice a new software tool weekly,Learning & Skills,Financial security,08/12/2024,07 Jan 2025,researching,0.8,,2.0,,,73.8,No,,
878,94,Plan a trip itinerary,TRAVEL ,Financial security,26/06/2025,2025/06/29,Researched,0.2,2.0,3.0,4.0,1.0,4.9,N,,
879,202,Research visa requirements, Travel,Obligation / should-do,2024/08/24,08-24-2024,created,0.0,3.0,3.0,4.0,2.0,,N,,
880,85,Start a reading challenge,Hobbies,Social connection,2024-11-10,2025-01-02,continued work,11.9,5.0,4.0,3.0,2.0,14.6,False,,
881,135,Prototype a small app idea,Side Project,Creative expression,2023-03-29,25 Jul 2023,Continued,1.1,4.0,1.0,2.0,,2.3,1,2023-07-25,
882,70,Fix a recurring household issue,home/admin,Curiosity / fun,2024-11-29,2024-12-21,RESEARCHED,3.2,3.0,1.0,1.0,,6.7,TRUE,2025-01-08,
883,276,TRY A NEW CRAFT TECHNIQUE,CREATIVE ,Health & wellbeing,2025/03/08,22 Apr 2025,RESEARCHED,1.1,2.0,1.0,4.0,1.0,,Yes,2025-07-30,
884,114,Compare insurance providers,Finance,Curiosity / fun,02/12/2023,02/12/2023,CREATED,0.0,2.0,1.0,,1.0,6.0,Yes,2024-03-08,
885,87,Track spending for a month,financial,Obligation / should-do,16/07/2023,2023-07-16,New,0.0,1.0,,3.0,3.0,31.6,False,,
886,268,Build a personal dashboard,Side Project,Curiosity / fun,03/05/2025,2025/07/06,continued work,1.6,2.0,1.0,3.0,1.0,9.5,0,,
887,108,Repair a strained relationship,RELATIONSHIPS,Financial security,2025/02/04,04-15-2025,continued work,2.3,3.0,1.0,2.0,2.0,4.9,,,
888,259,Start a reading challenge,Hobbies,Personal growth,2023-03-28,2023/04/12,PLANNED,0.0,3.0,5.0,3.0,2.0,8.8,0,,
889,115,reconnect with a former colleague,Relationship,Obligation / should-do,02-09-2025,10/03/2025,Planned,0.0,3.0,4.0,3.0,1.0,17.2,,,
890,74,Build an emergency fund,Financial,Obligation / should-do,2025-03-17,03/05/2025,postponed,0.0,2.0,2.0,3.0,2.0,4.1,No,,Unclear next step
891,263,Plan a family visit,Relationship,Creative expression,2023/10/18,2023-12-19,Planned,0.0,3.0,3.0,5.0,2.0,8.2,0,,
892,312,Start a small blog,SIDE PROJECT,Social connection,2023-10-19,2024/03/14,continued work,0.3,3.0,3.0,2.0,4.0,6.4,1,2023-12-13,
893,54,Complete a data visualization course,Learning & Skills,Health & wellbeing,2024-08-15,2024-10-26,Researched,2.2,1.0,4.0,1.0,1.0,9.2,0,,
894,205,Start a puzzle-solving habit,Hobby,Obligation / should-do,2024/12/17,2025-01-05,Researched,1.4,3.0,1.0,3.0,3.0,38.7,FALSE,,
895,130,Start a puzzle-solving habit,Hobby,Health & wellbeing,11-27-2023,12-21-2023,researching,,2.0,1.0,3.0,1.0,15.3,No,,
896,7,STUDY FOR A CERTIFICATION EXAM,LEARNING & SKILLS,Curiosity / fun,2023-04-10,04-10-2023,New,0.0,2.0,4.0,3.0,,17.1,No,,
897,305,plan a solo trip,Travel,Financial security,02-25-2024,2024-04-06,PLANNED,0.0,4.0,3.0,3.0,1.0,5.8,N,,
898,282,Learn to cook healthier meals,fitness/health,Social connection,2023-03-11,2023-04-13,Research,2.8,2.0,1.0,5.0,1.0,6.5,No,,
899,174,Plan a trip itinerary,Travel,Financial security,05 May 2023,2023/08/08,Postponed,,2.0,2.0,3.0,,49.9,True,2023-10-27,Low energy / burnout
900,125,Start a houseplant collection,Hobby,Curiosity / fun,12-22-2023,31 Jan 2024,PUSHED BACK,0.0,2.0,3.0,5.0,2.0,34.3,no,,Low energy / burnout
901,75,Research career change options,Career,Curiosity / fun,2023-08-16,2023-08-16,Created,,3.0,3.0,5.0,3.0,56.7,True,2023-12-25,
902,112,Join a local social group,Relationships,Health & wellbeing,2024-07-31,21 Aug 2024,PLANNED,0.0,2.0,2.0,2.0,1.0,5.6,No,,
903,170,Research a relocation destination, Travel,Obligation / should-do,2023-11-19,2024-01-26,worked on it,2.3,3.0,2.0,5.0,1.0,5.1,True,2024-01-01,
904,25,Renew an expiring document,HOME & ADMIN,Creative expression,28/10/2023,2023-10-28,CREATED,0.0,4.0,1.0,5.0,1.0,13.8,False,,
905,289,LEARN BASIC PUBLIC SPEAKING,LEARNING & SKILLS,Creative expression,23 Oct 2024,23/10/2024,Created,0.0,3.0,4.0,3.0,1.0,11.7,Y,2025-01-08,
906,112,Join a local social group,Relationships,Health & wellbeing,2024/07/31,10-11-2024,CONTINUED,1.5,2.0,2.0,2.0,1.0,,No,,
907,134,Plan a savings goal,FINANCIAL,Career advancement,12-19-2024,18 Mar 2025,PLANNED,0.0,3.0,2.0,5.0,1.0,21.8,no,,
908,151,Start a reading challenge,Hobbies,Obligation / should-do,2025-03-20,20/03/2025,CREATED,0.0,2.0,1.0,2.0,2.0,3.5,False,,
909,193,BUILD A PERSONAL DATA PROJECT,SideProject,Social connection,24 Sep 2024,24/09/2024,Created,0.0,3.0,4.0,3.0,3.0,7.5,yes,2025-03-18,
910,114,Compare insurance providers,financial,Curiosity / fun,2023-12-02,2023/12/23,RESEARCHED,4.9,2.0,1.0,2.0,,6.0,yes,2024-03-08,
911,174,Plan a trip itinerary,TRAVEL ,Financial security,2023-05-05,30/09/2023,worked on it,5.9,2.0,2.0,3.0,2.0,49.9,TRUE,2023-10-27,
912,267,Improve sleep schedule,FITNESS & HEALTH,Financial security,25/01/2024,16 Jul 2024,worked on it,2.0,4.0,4.0,3.0,3.0,9.3,0,,
913,85,Start a reading challenge,HOBBY,Social connection,2024-11-10,2024-11-25,RESEARCHED,0.3,5.0,4.0,3.0,2.0,14.6,0,,
914,26,Ask for a performance review,career,Health & wellbeing,2024/05/27,30/07/2024,Continued,0.5,,1.0,2.0,2.0,5.2,N,,
915,193,Build a personal data project,side project,Social connection,09-24-2024,2024/10/07,Researched,3.9,3.0,4.0,3.0,3.0,7.5,,2025-03-18,
916,316,plan a family visit,Relationships,Health & wellbeing,19 Jan 2024,2024-03-02,RESEARCHED,0.3,3.0,1.0,4.0,1.0,3.9,1,2024-04-23,
917,72,Cut down on sugar,Fitness and Health,Personal growth,21/06/2025,04/07/2025,Planned,500.0,2.0,2.0,3.0,1.0,3.9,0,,
918,256,Learn conversational Spanish,learning and skills,Career advancement,2025-01-28,2025/01/28,created,0.0,3.0,5.0,3.0,2.0,6.2,,,
919,99,Collect and organize a hobby set,Hobby,Creative expression,04-30-2025,05-18-2025,planning,0.0,3.0,4.0,medium,1.0,32.2,no,,
920,72,CUT DOWN ON SUGAR,Fitness and Health,Personal growth,06-21-2025,2025/07/29,Began,0.0,2.0,2.0,3.0,1.0,3.9,N,,
921,85,Start a reading challenge,HOBBY,Social connection,10/11/2024,2025/04/01,Continued,1.0,5.0,4.0,3.0,2.0,14.6,False,,
922,182,Plan a savings goal,Financial,Creative expression,08-16-2024,2024/08/16,New,,3.0,1.0,4.0,,57.2,N,,
923,55,Schedule regular calls with family,Relationships,Curiosity / fun,2023-09-25,2024-02-03,continued work,1.3,4.0,1.0,4.0,,3.4,Y,2024-04-09,
924,261,Create a travel budget,travel,Obligation / should-do,05-12-2024,12 May 2024,New,0.0,2.0,3.0,3.0,1.0,13.2,FALSE,,
925,135,PROTOTYPE A SMALL APP IDEA,side project,Creative expression,29 Mar 2023,06/05/2023,Researched,1.2,4.0,1.0,2.0,1.0,2.3,True,2023-07-25,
926,179,Organize a small get-together,RELATIONSHIPS,Personal growth,05 Sep 2024,09-08-2024,RESEARCHED,,4.0,3.0,,2.0,28.3,False,,
927,105,CALL AN OLD FRIEND,relationships,Obligation / should-do,2023-07-31,2023/08/25,Research,0.5,1.0,3.0,2.0,2.0,4.1,no,,
928,95,REPAIR A STRAINED RELATIONSHIP,Relationships,Career advancement,02-14-2024,14/02/2024,New,0.0,,1.0,1.0,2.0,35.9,1,2024-08-13,
929,148,RESEARCH A RELOCATION DESTINATION,travel,Career advancement,2024-08-13,2024/08/31,Researched,1.7,3.0,2.0,4.0,3.0,20.3,False,,
930,185,Start a photography project,creative,Obligation / should-do,2024-08-08,2024/10/20,worked on it,0.5,,1.0,3.0,1.0,23.9,No,,
931,183,Learn to cook healthier meals,Fitness and Health,Curiosity / fun,05/07/2024,2024/07/05,Created,0.0,2.0,2.0,3.0,3.0,7.5,False,,
932,135,Prototype a small app idea,side project,Creative expression,29/03/2023,28/08/2023,Completed,0.0,4.0,1.0,2.0,1.0,2.3,TRUE,2023-07-25,
933,182,Plan a savings goal,Finance,Creative expression,16/08/2024,2024/10/27,worked on it,0.4,3.0,1.0,4.0,3.0,57.2,0,,
934,181,Update personal records,HOME & ADMIN,Social connection,10-01-2023,09 Oct 2023,RESEARCHED,1.0,,2.0,3.0,2.0,9.7,,,
935,214,Plan a weekend getaway,TRAVEL ,Health & wellbeing,2025-02-03,2025/02/27,Research,1.7,1.0,1.0,4.0,1.0,11.2,no,,
936,18,learn a new design software,Creativity,Creative expression,10/02/2024,04-14-2024,researching,1.0,2.0,3.0,3.0,1.0,13.0,0,,
937,211,Learn basic calligraphy,Hobby,Curiosity / fun,2025-01-19,01-19-2025,Created,0.0,2.0,3.0,3.0,1.0,5.0,Yes,2025-04-18,
938,295,Organize digital files,Home and Admin,Curiosity / fun,2024-08-19,01/10/2024,researching,0.3,4.0,1.0,3.0,1.0,4.0,False,,
939,288,BUILD A PORTFOLIO PROJECT,Side Project,Curiosity / fun,05 Mar 2023,05/03/2023,CREATED,0.0,3.0,2.0,5.0,3.0,15.8,False,,
940,295,Organize digital files,HOME & ADMIN,Curiosity / fun,19 Aug 2024,18 Oct 2024,Planned,0.0,4.0,1.0,3.0,1.0,4.0,N,,
941,238,Start a freelance side gig,Side Project,Career advancement,04-14-2024,2024/06/04,Postponed,0.0,,1.0,3.0,,3.4,,,Lost interest
942,219,Read one book on statistics,LEARNING & SKILLS,Curiosity / fun,2024/04/27,17/08/2024,continued work,5.0,3.0,2.0,4.0,2.0,15.8,1,2024-10-01,
943,275,start a small blog,SIDE PROJECT,Curiosity / fun,10/02/2024,2024/02/10,created,0.0,,4.0,1.0,1.0,30.7,FALSE,,
944,131,Track spending for a month,FINANCIAL,Obligation / should-do,2023-09-07,20/09/2023,Researched,1.1,5.0,,3.0,1.0,82.8,False,,
945,108,REPAIR A STRAINED RELATIONSHIP,RELATIONSHIPS,Financial security,04/02/2025,07-16-2025,continued work,4.5,3.0,1.0,2.0,2.0,4.9,0,,
946,252,Complete a data visualization course,Learning & Skills,Health & wellbeing,2025/05/15,15 May 2025,created,0.0,,4.0,,1.0,7.8,,,
947,259, Start a reading challenge  ,hobby,Personal growth,03-28-2023,2023/03/28,CREATED,0.0,3.0,5.0,3.0,,8.8,0,,
948,221,Plan a family visit,Relationships,Social connection,2023/05/24,06-30-2023,delayed,0.0,4.0,1.0,5.0,1.0,22.1,Yes,2023-06-16,Lack of motivation
949,82,Organize a small get-together,RELATIONSHIPS,Career advancement,18 Sep 2023,08 Oct 2023,Planned,0.0,,,3.0,1.0,13.0,Y,2024-01-21,
950,62,Learn conversational Spanish,Learning & Skills,Personal growth,2023-09-28,2023-09-28,CREATED,0.0,3.0,4.0,2.0,3.0,6.8,TRUE,2023-11-08,
951,17,Send a thank-you note,Relationships,Curiosity / fun,09 Mar 2023,2023/06/28,abandoned,0.0,2.0,medium,5.0,1.0,3.9,Y,2023-08-15,Overestimated effort required
952,159,Train for a 5k run,Fitness and Health,Social connection,2023-03-03,04-18-2023,PLANNED,0.0,3.0,2.0,3.0,1.0,3.1,True,2023-06-03,
953,135,Prototype a small app idea,side project,Creative expression,03-29-2023,2023/08/10,CONTINUED,4.8,4.0,1.0,2.0,1.0,2.3,TRUE,2023-07-25,
954,261,Create a travel budget, Travel,Obligation / should-do,12 May 2024,05-22-2024,Research,2.2,2.0,3.0,3.0,1.0,13.2,,,
955,307,Learn a new design software,creative,Creative expression,02/09/2023,2023-09-02,Created,0.0,3.0,1.0,3.0,1.0,,,,
956,219,Read one book on statistics,LEARNING & SKILLS,Curiosity / fun,2024-04-27,2024/08/11,postponed,0.0,3.0,2.0,4.0,2.0,15.8,Y,2024-10-01,Lack of money
957,29,read one book on statistics,LEARNING & SKILLS,Social connection,06-18-2025,06-18-2025,CREATED,0.0,3.0,4.0,1.0,2.0,10.3,N,,
958,306, Plan a road trip route  ,TRAVEL ,Creative expression,2023/10/19,26/02/2024,CONTINUED,0.8,,4.0,very high,1.0,3.0,0,,
959,275,Start a small blog,Side Project,Curiosity / fun,10 Feb 2024,03-05-2024,RESEARCHED,2.6,3.0,4.0,1.0,,30.7,,,
960,130,Start a puzzle-solving habit,HOBBY,Health & wellbeing,27 Nov 2023,06-05-2024,CONTINUED,3.2,2.0,1.0,medium,1.0,,0,,
961,311,Build a portfolio website,career,Health & wellbeing,06-14-2025,29/06/2025,Researched,0.4,3.0,2.0,2.0,1.0,6.7,FALSE,,
962,245,Send a thank-you note,Relationship,Curiosity / fun,2025-01-17,03-01-2025,ABANDONED,0.0,1.0,2.0,4.0,2.0,6.9,Yes,2025-05-20,Perfectionism / fear of failure
963,69,call an old friend,relationships,Career advancement,12 Feb 2023,20 May 2023,worked on it,2.6,2.0,2.0,3.0,1.0,5.3,,,
964,134,Plan a savings goal,FINANCIAL,Career advancement,19 Dec 2024,12 Mar 2025,Researched,2.4,3.0,2.0,5.0,1.0,21.8,No,,
965,282,Learn to cook healthier meals,Fitness & Health,Social connection,11 Mar 2023,2023/06/20,Continued,8.3,2.0,1.0,5.0,,6.5,no,,
966,200,START SKETCHING DAILY,creative,Career advancement,2024-10-15,15/10/2024,created,0.0,2.0,4.0,4.0,1.0,13.7,Yes,2025-01-02,
967,90,Learn key phrases for a trip,travel,Creative expression,2024-03-28,06-10-2024,PUSHED BACK,0.0,3.0,3.0,2.0,1.0,3.1,False,,Unclear next step
968,188,Contribute to an open-source project,SIDE PROJECT,Creative expression,06 Dec 2023,11 Jan 2024,PUSHED BACK,0.0,2.0,1.0,4.0,,4.9,N,,Unclear next step
969,130,Start a puzzle-solving habit,hobby,Health & wellbeing,11-27-2023,2024/07/14,DONE,0.0,2.0,1.0,3.0,1.0,,False,,
970,20,Start a small garden,Hobby,Financial security,08-20-2024,12-27-2024,worked on it,1.7,1.0,2.0,,1.0,6.6,0,,
971,110,Plan a date night routine,relationships,Obligation / should-do,2024/11/15,2024/12/04,postponed,0.0,low,3.0,3.0,,4.7,no,,Low energy / burnout
972,109,RESEARCH A RELOCATION DESTINATION,Travel,Career advancement,2023/10/07,10-07-2023,New,0.0,4.0,1.0,4.0,3.0,0.9,No,,
973,291,Fix a recurring household issue,home/admin,Curiosity / fun,02-01-2024,10 May 2024,continued work,2.8,3.0,4.0,,4.0,13.6,FALSE,,
974,40,Build an automation script,side project,Creative expression,10/01/2025,2025/01/10,New,,3.0,1.0,3.0,2.0,2.9,,,
975,58,Plan a weekend getaway, Travel,Health & wellbeing,2024/07/30,08-31-2024,Research,1.4,very low,2.0,4.0,1.0,4.7,No,,
976,120,Research flights for a trip,TRAVEL ,Health & wellbeing,02-24-2025,2025-04-07,Research,,2.0,2.0,2.0,1.0,11.5,N,,
977,182,Plan a savings goal,Financial,Creative expression,08-16-2024,2024/10/16,CONTINUED,1.8,3.0,1.0,4.0,3.0,57.2,,,
978,84,automate a recurring bill payment,home/admin,Curiosity / fun,13 Mar 2023,2023/04/10,Research,1.2,2.0,4.0,3.0,2.0,8.7,no,,
979,69,Call an old friend,relationships,Career advancement,12/02/2023,2023-07-29,delayed,0.0,2.0,,3.0,1.0,5.3,No,,Blocked by dependency
980,97,Prepare for technical interviews,Career,Creative expression,18 May 2025,18 May 2025,Created,0.0,3.0,1.0,1.0,2.0,4.1,yes,2025-07-05,
981,245,Send a thank-you note,relationships,Curiosity / fun,17/01/2025,02 Feb 2025,RESEARCHED,1.7,1.0,2.0,4.0,2.0,6.9,TRUE,2025-05-20,
982,61,Learn basic calligraphy,Hobby,Social connection,14/11/2024,07 Jan 2025,Research,0.7,2.0,1.0,4.0,2.0,8.0,no,,
983,219,Read one book on statistics,LEARNING & SKILLS,Curiosity / fun,04-27-2024,28 Sep 2024,continued work,,3.0,2.0,4.0,2.0,15.8,TRUE,2024-10-01,
984,39,Start a freelance side gig,SideProject,Financial security,13/10/2023,2023-10-13,New,0.0,2.0,3.0,3.0,1.0,9.5,False,,
985,12,Learn the basics of investing,Finance,Personal growth,2024-10-12,2024-10-12,New,0.0,4.0,,3.0,2.0,19.6,No,,
986,20,Start a small garden,Hobby,Financial security,20/08/2024,20/08/2024,created,0.0,1.0,2.0,3.0,,6.6,no,,
987,250,Prepare for technical interviews,CAREER,Health & wellbeing,2024/09/06,09-06-2024,created,0.0,1.0,low,2.0,,2.0,0,,
988,135,Prototype a small app idea,SideProject,Creative expression,03-29-2023,05/04/2023,researching,0.5,,1.0,2.0,1.0,2.3,Y,2023-07-25,
989,9,Plan a family visit,relationships,Curiosity / fun,19 Jul 2024,2024/08/20,PLANNED,0.0,4.0,,3.0,,2.2,False,,
990,186,Find a mentor in my field,career,Obligation / should-do,02-01-2025,23/05/2025,finished,0.0,1.0,1.0,3.0,4.0,7.7,No,,
991,312,Start a small blog,SideProject,Social connection,10-19-2023,2023-11-08,RESEARCHED,565.0,3.0,3.0,2.0,4.0,6.4,True,2023-12-13,
992,157,Research a relocation destination,travel,Financial security,04/12/2024,29/04/2025,CONTINUED,1.9,3.0,1.0,3.0,2.0,13.5,True,2025-02-23,
993,277,Build a personal dashboard,SideProject,Curiosity / fun,18 Jul 2023,07-18-2023,created,0.0,3.0,2.0,5.0,1.0,15.9,,,
994,9,Plan a family visit,relationships,Curiosity / fun,19/07/2024,09-21-2024,Continued,0.6,4.0,2.0,3.0,1.0,2.2,0,,
995,90,learn key phrases for a trip,TRAVEL ,Creative expression,2024-03-28,27/04/2024,RESEARCHED,,3.0,3.0,2.0,1.0,3.1,False,,
996,230,Ask for a performance review,Career,Financial security,2023-09-07,10-24-2023,delayed,,3.0,1.0,1.0,4.0,3.8,no,,Lost interest
997,52,Build a portfolio website,Career,Health & wellbeing,24 Mar 2023,15/04/2023,postponed,0.0,2.0,4.0,2.0,3.0,16.4,FALSE,,Perfectionism / fear of failure
998,126,Learn basic public speaking,LEARNING & SKILLS,Obligation / should-do,2024/10/25,2024/10/25,created,0.0,,1.0,3.0,2.0,21.9,no,,
999,313,Research flights for a trip,TRAVEL ,Health & wellbeing,31 May 2023,2023/05/31,Created,0.0,,1.0,1.0,2.0,15.8,0,,
1000,66,book a full medical check-up,Fitness & Health,Obligation / should-do,15 Jun 2023,2023-06-15,New,0.0,1.0,3.0,4.0,,14.4,no,,
1001,285,Finish an online Python course,Learning & Skills,Obligation / should-do,21/09/2024,26 Oct 2024,researching,,medium,3.0,2.0,1.0,,,,
1002,79,Update CV and LinkedIn profile,CAREER,Personal growth,2025-06-17,31 Jul 2025,delayed,0.0,2.0,3.0,1.0,,23.6,,,No accountability
1003,164,Plan a savings goal,FINANCIAL,Personal growth,11 Feb 2023,25/03/2023,delayed,0.0,1.0,2.0,4.0,2.0,21.3,FALSE,,Lack of motivation
1004,27,Pay off a small debt,Financial,Personal growth,06/06/2023,07-17-2023,delayed,0.0,1.0,2.0,2.0,3.0,3.6,False,,Lack of money
1005,68,Start a niche newsletter,SideProject,Personal growth,04 May 2025,2025-06-13,Research,0.6,3.0,1.0,3.0,3.0,4.9,False,,
1006,97,Prepare for technical interviews, Career,Creative expression,18/05/2025,12 Jul 2025,continued work,,3.0,1.0,1.0,2.0,4.1,1,2025-07-05,
1007,108,Repair a strained relationship,Relationships,Financial security,04 Feb 2025,06-12-2025,worked on it,1.2,3.0,1.0,2.0,2.0,4.9,,,
1008,28,Start a small blog,Side Project,Career advancement,09-05-2024,11-21-2024,Abandoned,0.0,4.0,1.0,3.0,3.0,2.7,N,,Lack of money
1009,88,Reduce screen time before bed,FITNESS & HEALTH,Career advancement,05/08/2024,05 Aug 2024,created,0.0,3.0,4.0,1.0,1.0,7.8,No,,
1010,91,Start going to the gym 3x/week,Fitness & Health,Curiosity / fun,18/10/2023,14/01/2024,worked on it,0.7,3.0,3.0,2.0,2.0,5.1,FALSE,,
1011,60,Start a photography project,creative,Social connection,2023-10-19,19 Oct 2023,created,0.0,2.0,3.0,,2.0,14.4,1,2024-03-20,
1012,91,Start going to the gym 3x/week,Fitness and Health,Curiosity / fun,18 Oct 2023,2023/11/16,Researched,2.0,3.0,3.0,2.0,,5.1,False,,
1013,17,Send a thank-you note,Relationships,Curiosity / fun,09 Mar 2023,30/05/2023,PLANNED,0.0,2.0,3.0,5.0,1.0,3.9,1,2023-08-15,
1014,159,Train for a 5k run,Fitness & Health,Social connection,03-03-2023,06-04-2023,worked on it,1.0,3.0,2.0,3.0,1.0,3.1,Yes,2023-06-03,
1015,250,prepare for technical interviews,CAREER,Health & wellbeing,09-06-2024,11-20-2024,PLANNED,0.0,1.0,2.0,2.0,2.0,2.0,False,,
1016,291,Fix a recurring household issue,Home & Admin,Curiosity / fun,02-01-2024,02-17-2024,researching,0.7,3.0,4.0,3.0,4.0,13.6,,,
1017,76,Review and cut subscriptions,Financial,Obligation / should-do,2023/08/17,10/09/2023,researching,0.3,2.0,3.0,3.0,,3.9,yes,2023-10-19,
1018,268,build a personal dashboard,side project,Curiosity / fun,2025-05-03,30/06/2025,Began,0.0,2.0,1.0,3.0,1.0,9.5,False,,
1019,309,Plan a weekend getaway,TRAVEL ,Obligation / should-do,03-07-2025,29/03/2025,researching,0.5,3.0,4.0,5.0,1.0,,No,,
1020,48,Enter a local art competition,Creativity,Obligation / should-do,2023/03/02,2023-03-02,CREATED,,3.0,very low,3.0,1.0,17.6,Yes,2023-03-16,
1021,263,plan a family visit,relationships,Creative expression,10-18-2023,2024/02/13,PUSHED BACK,0.0,3.0,3.0,very high,,8.2,0,,Competing priorities
1022,179,Organize a small get-together,relationships,Personal growth,05 Sep 2024,26/09/2024,researching,1.0,high,3.0,4.0,2.0,28.3,0,,
1023,180,Learn to use Power BI,Learning & Skills,Obligation / should-do,02 Mar 2025,21/03/2025,Researched,0.6,3.0,2.0,3.0,4.0,3.9,,,
1024,52,build a portfolio website, Career,Health & wellbeing,03-24-2023,24 Mar 2023,created,0.0,2.0,,2.0,3.0,16.4,0,,
1025,73,Update personal records,Home and Admin,Financial security,2025/04/01,2025-05-10,planning,0.0,3.0,4.0,3.0,2.0,15.2,,,
1026,316,Plan a family visit,Relationships,Health & wellbeing,2024/01/19,2024-03-14,planning,0.0,3.0,1.0,4.0,1.0,3.9,Y,2024-04-23,
1027,17,Send a thank-you note,relationships,Curiosity / fun,2023/03/09,05 May 2023,researching,2.1,,3.0,5.0,1.0,3.9,1,2023-08-15,
1028,281,Start a reading challenge,hobby,Curiosity / fun,27 Nov 2023,2023-12-22,Planned,0.0,2.0,3.0,4.0,2.0,20.0,no,,
1029,166,Start meditating daily,Fitness and Health,Creative expression,22 Mar 2024,04-08-2024,researching,1.7,4.0,4.0,2.0,1.0,6.3,N,,
1030,159,TRAIN FOR A 5K RUN,Fitness and Health,Social connection,03 Mar 2023,06-25-2023,Done!,0.0,3.0,2.0,3.0,,3.1,1,2023-06-03,
1031,144,Learn salary negotiation, Career,Social connection,10-08-2023,08 Oct 2023,New,0.0,4.0,2.0,3.0,1.0,7.8,TRUE,2023-11-04,
1032,302,Build a personal dashboard,SIDE PROJECT,Career advancement,05 May 2025,2025-05-05,New,0.0,2.0,3.0,4.0,2.0,30.9,N,,
1033,318,Plan a trip itinerary,travel,Career advancement,09-22-2024,2024/10/09,RESEARCHED,3.3,3.0,2.0,2.0,,8.8,TRUE,2024-10-26,
1034,3,Apply to 10 jobs abroad,Career ,Career advancement,2023-08-12,2023/10/26,gave up,0.0,2.0,2.0,3.0,1.0,1.7,Y,2024-01-27,Lack of money
1035,230,ASK FOR A PERFORMANCE REVIEW,Career ,Financial security,2023-09-07,2023-09-07,New,0.0,,1.0,1.0,4.0,3.8,False,,
1036,247,Finish an online Python course,learning and skills,Health & wellbeing,05-01-2025,2025/05/11,PLANNED,0.0,2.0,1.0,3.0,5.0,4.0,TRUE,2025-09-02,
1037,241,Start journaling regularly,Hobby,Curiosity / fun,09 Mar 2023,2023-03-09,created,0.0,3.0,2.0,,2.0,8.5,yes,2023-08-29,
1038,247,Finish an online Python course,learning and skills,Health & wellbeing,01/05/2025,2025-07-10,CONTINUED,0.4,2.0,1.0,3.0,5.0,4.0,yes,2025-09-02,
1039,106,Start a houseplant collection,hobby,Obligation / should-do,2025-05-27,11 Jul 2025,RESEARCHED,1.3,1.0,1.0,3.0,1.0,3.6,FALSE,,
1040,84,Automate a recurring bill payment,home/admin,Curiosity / fun,13/03/2023,05-09-2023,Planned,0.0,2.0,4.0,medium,2.0,8.7,,,
1041,96,Learn touch typing,Learning&Skills,Creative expression,13/08/2023,10-08-2023,STARTED ,,2.0,3.0,3.0,5.0,22.4,True,2024-02-21,
1042,5, Start sketching daily  ,creative,Personal growth,2024-08-26,2024-11-24,gave up,0.0,4.0,2.0,3.0,1.0,5.0,True,2024-09-10,Competing priorities
1043,276,Try a new craft technique,creative,Health & wellbeing,03-08-2025,2025/04/26,Planned,0.0,2.0,1.0,4.0,1.0,42.2,TRUE,2025-07-30,
1044,272,Learn touch typing,learning and skills,Personal growth,22/01/2023,2023/01/22,created,,1.0,1.0,3.0,,9.6,No,,
1045,175,Start a home workout routine,Fitness & Health,Health & wellbeing,18 Jul 2024,2024/07/18,created,0.0,3.0,1.0,1.0,1.0,7.9,Yes,2024-11-13,
1046,116,Create a monthly budget,Financial,Career advancement,26/04/2024,27/07/2024,ABANDONED,0.0,1.0,,4.0,1.0,22.9,Yes,2024-09-25,Lack of motivation
1047,130,start a puzzle-solving habit,HOBBY,Health & wellbeing,2023-11-27,2024-05-03,worked on it,8.7,2.0,,3.0,1.0,15.3,False,,
1048,76,Review and cut subscriptions,Finance,Obligation / should-do,17/08/2023,10-12-2023,RESEARCHED,0.5,2.0,medium,3.0,,3.9,Yes,2023-10-19,
1049,292,Start a houseplant collection,Hobbies,Curiosity / fun,19/03/2025,05-23-2025,gave up,0.0,1.0,3.0,3.0,2.0,15.0,No,,Lost interest
1050,225,Plan a road trip route,Travel,Social connection,22/02/2024,2024/04/07,researching,1.8,4.0,4.0,,1.0,35.5,FALSE,,
1051,40,Build an automation script,Side Project,Creative expression,10 Jan 2025,01-27-2025,Research,1.2,,1.0,3.0,2.0,2.9,N,,
1052,42,Learn touch typing,Learning&Skills,Creative expression,29 Dec 2023,2023/12/29,created,0.0,2.0,3.0,4.0,3.0,261.8,no,,
1053,311,Build a portfolio website,Career ,Health & wellbeing,14/06/2025,2025-07-11,Planned,0.0,3.0,2.0,2.0,1.0,6.7,,,
1054,263,Plan a family visit,Relationships,Creative expression,10-18-2023,2024-01-16,Started,,3.0,3.0,5.0,2.0,8.2,No,,
1055,193,Build a personal data project,SIDE PROJECT,Social connection,24/09/2024,2024/10/19,RESEARCHED,2.9,3.0,high,3.0,3.0,7.5,yes,2025-03-18,
1056,51,organize digital files,home/admin,Personal growth,02-21-2023,05-26-2023,finished,0.0,1.0,3.0,very high,2.0,2.1,N,,
1057,226,Ask for a performance review,Career ,Financial security,08-11-2023,11 Aug 2023,New,0.0,1.0,2.0,2.0,,11.0,N,,
1058,247,Finish an online Python course,Learning&Skills,Health & wellbeing,01 May 2025,2025/06/21,worked on it,1.5,2.0,1.0,,5.0,4.0,Yes,2025-09-02,
1059,173,Plan a solo trip, Travel,Social connection,2023/07/28,2023/11/23,DONE,0.0,3.0,1.0,5.0,3.0,4.7,True,2023-09-13,
1060,159,Train for a 5k run,Fitness and Health,Social connection,03/03/2023,12/03/2023,Researched,0.8,3.0,2.0,3.0,1.0,3.1,yes,2023-06-03,
1061,106,Start a houseplant collection,Hobby,Obligation / should-do,27 May 2025,2025/06/17,Researched,0.6,,1.0,3.0,1.0,3.6,FALSE,,
1062,53,Start a houseplant collection,Hobbies,Obligation / should-do,2024-11-22,2024-12-20,researching,,2.0,2.0,1.0,1.0,6.5,N,,
1063,170,Research a relocation destination,Travel,Obligation / should-do,19 Nov 2023,12-06-2023,Researched,0.9,3.0,,5.0,1.0,5.1,1,2024-01-01,
1064,170,Research a relocation destination, Travel,Obligation / should-do,2023-11-19,2023-12-23,researching,0.3,3.0,,5.0,1.0,5.1,Yes,2024-01-01,
1065,108,Repair a strained relationship,Relationship,Financial security,04 Feb 2025,2025/03/06,PLANNED,0.0,3.0,1.0,2.0,2.0,4.9,no,,
1066,71,Build a personal dashboard,SideProject,Financial security,09-27-2024,21 Oct 2024,researching,0.9,3.0,4.0,4.0,2.0,8.0,0,,
1067,223,Schedule regular calls with family,RELATIONSHIPS,Obligation / should-do,15/01/2024,06-06-2024,postponed,,2.0,2.0,4.0,2.0,9.4,FALSE,,Lost interest
1068,135,Prototype a small app idea,SideProject,Creative expression,03-29-2023,2023/05/22,planning,0.0,4.0,,2.0,1.0,2.3,yes,2023-07-25,
1069,197,Write a long-overdue message,Relationship,Personal growth,2023-09-08,2024-02-24,postponed,0.0,high,3.0,2.0,1.0,8.1,,,Lost interest
1070,110,Plan a date night routine,relationships,Obligation / should-do,11-15-2024,2024-11-29,researching,,2.0,3.0,3.0,,4.7,N,,
1071,141,read one book on statistics,learning and skills,Personal growth,20/11/2023,20 Nov 2023,New,0.0,2.0,3.0,2.0,1.0,2.0,Y,2024-04-19,
1072,62,Learn conversational Spanish,learning and skills,Personal growth,28/09/2023,30/10/2023,planning,0.0,3.0,4.0,2.0,3.0,6.8,Y,2023-11-08,
1073,30,Finish a painting series,Creativity,Health & wellbeing,09-04-2023,25 Sep 2023,researching,1.1,4.0,,1.0,2.0,10.7,False,,
1074,212,Write a long-overdue message,Relationships,Curiosity / fun,25 Jul 2023,2023-09-09,planning,0.0,2.0,2.0,,2.0,5.9,Yes,2023-12-24,
1075,308,Try a new craft technique,CREATIVE ,Creative expression,25 Nov 2024,2024-11-27,Researched,0.5,1.0,3.0,2.0,1.0,0.6,no,,
1076,49,Set up automatic savings,Finance,Creative expression,20 Oct 2023,2023-11-12,PUSHED BACK,0.0,2.0,2.0,4.0,3.0,2.8,,,No accountability
1077,76,Review and cut subscriptions,Financial,Obligation / should-do,2023-08-17,2023-09-28,researching,0.8,2.0,3.0,3.0,5.0,3.9,yes,2023-10-19,
1078,280,Learn to cook healthier meals,fitness/health,Creative expression,20/04/2024,04-27-2024,Planned,0.0,3.0,very low,2.0,2.0,4.5,False,,
1079,96,LEARN TOUCH TYPING,LEARNING & SKILLS,Creative expression,13 Aug 2023,2023/08/13,created,,2.0,3.0,medium,5.0,22.4,TRUE,2024-02-21,
1080,239, Build a portfolio website  ,Career,Health & wellbeing,17/05/2025,2025/05/17,CREATED,0.0,3.0,1.0,2.0,2.0,1.9,FALSE,,
1081,91,Start going to the gym 3x/week,fitness/health,Curiosity / fun,18/10/2023,2023/11/01,Research,1.2,3.0,3.0,2.0,2.0,5.1,no,,
1082,177,Plan a weekend getaway,Travel,Obligation / should-do,05 Jun 2024,05/06/2024,created,0.0,5.0,1.0,2.0,2.0,15.1,False,,
1083,221,Plan a family visit,relationships,Social connection,2023/05/24,02/09/2023,CONTINUED,1.4,high,1.0,5.0,1.0,22.1,Yes,2023-06-16,
1084,263,plan a family visit,RELATIONSHIPS,Creative expression,18 Oct 2023,03-03-2024,DONE,,3.0,3.0,5.0,2.0,8.2,FALSE,,
1085,111,learn to cook healthier meals,Fitness and Health,Career advancement,11 May 2023,10-13-2023,Continued,1.5,3.0,2.0,4.0,1.0,11.1,no,,
1086,267,Improve sleep schedule,Fitness and Health,Financial security,25/01/2024,12 Jul 2024,Continued,1.2,,4.0,3.0,3.0,9.3,N,,
1087,133,Learn key phrases for a trip, Travel,Curiosity / fun,30/12/2023,12-30-2023,created,0.0,2.0,very low,3.0,1.0,4.3,no,,
1088,163,Start a puzzle-solving habit,Hobbies,Career advancement,27/01/2023,2023/02/21,researching,1.5,2.0,2.0,5.0,1.0,20.7,1,2023-08-01,
1089,154,Redesign a personal art portfolio,creative,Personal growth,07 Nov 2024,2024/11/23,researching,1.6,2.0,2.0,5.0,1.0,41.7,True,2025-01-21,
1090,269,Learn touch typing,Learning & Skills,Obligation / should-do,2025/06/01,01 Jun 2025,CREATED,0.0,3.0,2.0,3.0,,19.2,No,,
1091,309,Plan a weekend getaway,travel,Obligation / should-do,2025-03-07,2025-03-07,CREATED,0.0,3.0,4.0,5.0,1.0,4.7,no,,
1092,149,Improve sleep schedule,Fitness & Health,Social connection,10 Apr 2025,10 Apr 2025,CREATED,0.0,1.0,1.0,2.0,1.0,13.0,FALSE,,
1093,146,Plan a trip itinerary,TRAVEL ,Career advancement,27/03/2024,18/04/2024,Researched,,2.0,2.0,3.0,1.0,4.1,N,,
1094,63,Research investment options,FINANCIAL,Financial security,09-11-2024,11/09/2024,New,0.0,2.0,3.0,4.0,3.0,26.4,Y,2024-12-21,
1095,172,Call an old friend,RELATIONSHIPS,Creative expression,12 Jul 2023,07-12-2023,Created,0.0,2.0,1.0,3.0,1.0,14.4,,,
1096,265,NETWORK WITH 5 PEOPLE IN TARGET INDUSTRY,Career ,Personal growth,11-05-2023,2023/11/05,Created,0.0,3.0,3.0,3.0,3.0,8.7,N,,
1097,57,Research visa requirements,TRAVEL ,Career advancement,08 Feb 2025,02 Apr 2025,Research,1.0,3.0,3.0,5.0,1.0,55.7,,,
1098,212,WRITE A LONG-OVERDUE MESSAGE,Relationship,Curiosity / fun,25 Jul 2023,2023/07/25,created,0.0,2.0,2.0,4.0,2.0,5.9,Yes,2023-12-24,
1099,159,Train for a 5k run,Fitness & Health,Social connection,03 Mar 2023,28/05/2023,Continued,1.0,3.0,2.0,3.0,1.0,3.1,yes,2023-06-03,
1100,228,research career change options,career,Creative expression,10 Oct 2023,24 Oct 2023,Researched,2.3,4.0,4.0,1.0,3.0,15.3,1,2023-11-24,
1101,174,PLAN A TRIP ITINERARY,Travel,Financial security,05 May 2023,2023/08/09,PLANNED,0.0,2.0,2.0,3.0,2.0,49.9,Yes,2023-10-27,
1102,73,Update personal records,Home and Admin,Financial security,2025-04-01,2025/04/15,Research,600.0,3.0,4.0,3.0,2.0,15.2,0,,
1103,276, Try a new craft technique  ,Creative,Health & wellbeing,03-08-2025,2025/07/30,Completed,0.0,2.0,,4.0,1.0,42.2,1,2025-07-30,
1104,72,Cut down on sugar,FITNESS & HEALTH,Personal growth,21 Jun 2025,2025-06-21,CREATED,0.0,2.0,2.0,3.0,1.0,3.9,No,,
1105,316,Plan a family visit,RELATIONSHIPS,Health & wellbeing,19/01/2024,2024/04/12,start,0.0,3.0,1.0,4.0,1.0,3.9,Yes,2024-04-23,
1106,139,Build a personal dashboard,side project,Curiosity / fun,2023/12/19,2023-12-26,researching,0.2,2.0,medium,2.0,3.0,13.9,,,
1107,296,compare insurance providers,Finance,Health & wellbeing,2023-05-13,2023/05/13,Created,0.0,,2.0,3.0,1.0,5.5,No,,
1108,165,Research flights for a trip,Travel,Social connection,10-29-2024,11-17-2024,Research,-1.7,2.0,4.0,5.0,1.0,5.5,no,,
1109,303,Automate a recurring bill payment,Home and Admin,Personal growth,05-15-2023,2023-05-15,Created,0.0,1.0,2.0,2.0,1.0,,False,,
1110,5, Start sketching daily  ,Creative,Personal growth,26/08/2024,11-12-2024,planning,0.0,4.0,2.0,3.0,1.0,5.0,TRUE,2024-09-10,
1111,134,Plan a savings goal,financial,Career advancement,19/12/2024,01-27-2025,Researched,0.5,3.0,low,5.0,1.0,21.8,,,
1112,195,Book a long-postponed trip,Travel,Career advancement,2024-12-11,2024/12/14,Researched,0.8,3.0,1.0,4.0,,5.5,,,
1113,235,Get a professional certification, Career,Health & wellbeing,29/09/2023,07 Nov 2023,Postponed,0.0,4.0,,3.0,2.0,4.1,yes,2024-01-28,Blocked by dependency
1114,247,Finish an online Python course,Learning&Skills,Health & wellbeing,01 May 2025,05-16-2025,Started,0.0,2.0,1.0,3.0,5.0,4.0,1,2025-09-02,
1115,269,Learn touch typing,LEARNING & SKILLS,Obligation / should-do,01/06/2025,08/07/2025,RESEARCHED,0.8,3.0,2.0,medium,4.0,19.2,N,,
1116,136,Prototype a small app idea,SIDE PROJECT,Creative expression,2024-12-08,17/01/2025,RESEARCHED,0.6,2.0,,5.0,3.0,25.6,0,,
1117,127,Book a long-postponed trip,TRAVEL ,Creative expression,2024-03-19,2024-05-07,Began,0.0,1.0,4.0,3.0,,3.3,N,,
1118,98,Build a personal dashboard,side project,Creative expression,01/09/2024,09-01-2024,New,,1.0,1.0,2.0,4.0,18.1,0,,
1119,222,Research a relocation destination,Travel,Personal growth,10/04/2023,10 Apr 2023,New,0.0,low,3.0,2.0,1.0,45.7,Yes,2023-09-08,
1120,139,build a personal dashboard,Side Project,Curiosity / fun,19/12/2023,2024/01/13,Research,0.3,2.0,3.0,2.0,3.0,13.9,,,
1121,39,Start a freelance side gig,SIDE PROJECT,Financial security,2023/10/13,03-03-2024,continued work,2.8,2.0,3.0,3.0,,9.5,,,
1122,116,CREATE A MONTHLY BUDGET,FINANCIAL,Career advancement,04-26-2024,2024-05-09,planning,0.0,1.0,2.0,4.0,1.0,22.9,Y,2024-09-25,
1123,113,WRITE A LONG-OVERDUE MESSAGE,RELATIONSHIPS,Career advancement,06 Jun 2025,06-06-2025,Created,0.0,3.0,5.0,4.0,1.0,24.1,0,,
1124,312,Start a small blog,side project,Social connection,19/10/2023,2024-01-24,Postponed,0.0,3.0,3.0,2.0,4.0,6.4,,2023-12-13,No accountability
1125,201,Plan a weekend getaway,travel,Health & wellbeing,24 Nov 2024,24 Nov 2024,Created,0.0,4.0,,3.0,,15.3,False,,
1126,274,learn touch typing,Learning & Skills,Obligation / should-do,2025-05-14,2025/05/14,created,0.0,3.0,2.0,2.0,1.0,3.7,True,2025-09-16,
1127,270,Build a portfolio website,career,Obligation / should-do,21/03/2023,03-21-2023,CREATED,0.0,1.0,1.0,4.0,1.0,6.7,0,,
1128,306,Plan a road trip route,TRAVEL ,Creative expression,2023/10/19,2024-01-29,continued work,0.6,4.0,4.0,5.0,1.0,3.0,0,,
1129,133,Learn key phrases for a trip,Travel,Curiosity / fun,30/12/2023,02-07-2024,researching,0.2,2.0,1.0,3.0,1.0,4.3,no,,
1130,70,Fix a recurring household issue,HOME & ADMIN,Curiosity / fun,29 Nov 2024,2024-11-29,CREATED,0.0,3.0,1.0,1.0,1.0,6.7,TRUE,2025-01-08,
1131,309,Plan a weekend getaway,travel,Obligation / should-do,07/03/2025,25 May 2025,Began,0.0,3.0,4.0,5.0,1.0,4.7,no,,
1132,146,Plan a trip itinerary,Travel,Career advancement,27/03/2024,02 May 2024,planning,0.0,2.0,2.0,3.0,1.0,4.1,No,,
1133,171,Build a personal data project,SIDE PROJECT,Creative expression,11-04-2024,11-24-2024,researching,2.9,2.0,,2.0,4.0,29.3,False,,
1134,209,start a puzzle-solving habit,Hobby,Personal growth,2024/11/25,01/12/2024,RESEARCHED,,5.0,2.0,4.0,1.0,7.0,FALSE,,
1135,234,Learn SQL properly,learning and skills,Curiosity / fun,15/05/2023,2023-05-15,created,0.0,5.0,,4.0,3.0,17.6,True,2023-07-28,
1136,276, Try a new craft technique  ,creative,Health & wellbeing,2025-03-08,08 Mar 2025,CREATED,0.0,2.0,1.0,4.0,1.0,42.2,TRUE,2025-07-30,
1137,118,Network with 5 people in target industry,Career,Personal growth,24 Jul 2023,24 Jul 2023,created,0.0,3.0,2.0,2.0,3.0,3.8,No,,
1138,247,Finish an online Python course,LEARNING & SKILLS,Health & wellbeing,2025-05-01,2025-05-10,RESEARCHED,1.6,2.0,,3.0,5.0,4.0,TRUE,2025-09-02,
1139,155,Start a small blog,SIDE PROJECT,Creative expression,06-10-2023,10/06/2023,New,0.0,3.0,1.0,4.0,3.0,14.3,TRUE,2023-10-17,
1140,271, Start a small garden  ,hobby,Social connection,27/12/2024,2025/01/27,Planned,0.0,1.0,1.0,4.0,2.0,4.9,no,,
1141,191,Automate a recurring bill payment,Home & Admin,Health & wellbeing,12-10-2024,10/12/2024,Created,0.0,2.0,3.0,1.0,3.0,7.6,N,,
1142,135,prototype a small app idea,SIDE PROJECT,Creative expression,2023-03-29,18 Jul 2023,continued work,1.1,high,,2.0,1.0,2.3,TRUE,2023-07-25,
1143,293,complete a data visualization course,Learning&Skills,Obligation / should-do,07 Apr 2023,04-30-2023,delayed,0.0,3.0,1.0,3.0,,4.8,,,No accountability
1144,267,Improve sleep schedule,Fitness & Health,Financial security,25/01/2024,12/05/2024,Postponed,0.0,4.0,4.0,3.0,3.0,9.3,N,,Overestimated effort required
1145,51,Organize digital files,Home & Admin,Personal growth,2023/02/21,03-14-2023,Planned,0.0,1.0,3.0,5.0,2.0,2.1,No,,
1146,122,Start a small garden,HOBBY,Financial security,2024-02-11,02 Mar 2024,Planned,0.0,5.0,1.0,1.0,,31.4,N,,
1147,43,Get a professional certification,Career ,Curiosity / fun,04/03/2023,03-24-2023,Research,0.2,3.0,3.0,4.0,,6.1,,,
1148,18,learn a new design software,CREATIVE ,Creative expression,2024-02-10,2024-02-10,New,0.0,2.0,3.0,,1.0,13.0,0,,
1149,74,Build an emergency fund,FINANCIAL,Obligation / should-do,17 Mar 2025,03-17-2025,Created,0.0,2.0,2.0,3.0,2.0,4.1,N,,
1150,202,Research visa requirements,Travel,Obligation / should-do,24 Aug 2024,2024-09-01,Research,0.8,3.0,3.0,4.0,2.0,5.0,False,,
1151,100,Learn to cook healthier meals,Fitness & Health,Social connection,05/04/2024,2024/04/28,RESEARCHED,4.1,3.0,1.0,3.0,1.0,2.4,yes,2024-06-21,
1152,296,Compare insurance providers,Financial,Health & wellbeing,05-13-2023,07-27-2023,Abandoned,0.0,3.0,2.0,3.0,1.0,,FALSE,,Lack of time
1153,174,Plan a trip itinerary,TRAVEL ,Financial security,05-05-2023,2023-08-25,Began,0.0,2.0,2.0,3.0,2.0,49.9,yes,2023-10-27,
1154,39,Start a freelance side gig,SideProject,Financial security,2023-10-13,2023-10-26,RESEARCHED,1.4,2.0,medium,3.0,1.0,9.5,False,,
1155,170,Research a relocation destination,travel,Obligation / should-do,2023/11/19,11-19-2023,New,0.0,3.0,2.0,5.0,1.0,5.1,Y,2024-01-01,
1156,289,Learn basic public speaking,learning and skills,Creative expression,23/10/2024,12-02-2024,RESEARCHED,0.6,3.0,4.0,3.0,,11.7,True,2025-01-08,
1157,254,Start a puzzle-solving habit,Hobby,Social connection,30 Jan 2023,05-19-2023,worked on it,15.3,1.0,2.0,2.0,1.0,24.8,Yes,2023-08-11,
1158,54,Complete a data visualization course,learning and skills,Health & wellbeing,08-15-2024,25 Sep 2024,Researched,0.7,1.0,4.0,1.0,1.0,9.2,,,
1159,263,Plan a family visit,Relationships,Creative expression,2023/10/18,11-11-2023,RESEARCHED,1.6,3.0,3.0,5.0,2.0,,,,
1160,134,plan a savings goal,Financial,Career advancement,2024-12-19,01-09-2025,RESEARCHED,0.9,3.0,2.0,5.0,,21.8,0,,
1161,281,Start a reading challenge,hobby,Curiosity / fun,27/11/2023,2023-11-27,created,0.0,2.0,3.0,4.0,2.0,20.0,,,
1162,84,Automate a recurring bill payment,Home & Admin,Curiosity / fun,13/03/2023,09 Jun 2023,worked on it,1.6,2.0,4.0,3.0,2.0,,False,,
1163,165,Research flights for a trip,travel,Social connection,2024-10-29,2025-04-08,Continued,0.8,2.0,4.0,5.0,1.0,5.5,,,
1164,30,Finish a painting series,Creativity,Health & wellbeing,04 Sep 2023,2023-12-20,Continued,,4.0,1.0,1.0,2.0,10.7,No,,
1165,320,Learn to use Power BI,LEARNING & SKILLS,Career advancement,01 Sep 2023,01/09/2023,CREATED,0.0,2.0,3.0,5.0,2.0,4.2,FALSE,,
1166,195,Book a long-postponed trip,TRAVEL ,Career advancement,12-11-2024,2024-12-11,New,,3.0,1.0,4.0,,5.5,False,,
1167,117,Deep clean the kitchen,HOME & ADMIN,Career advancement,2024/10/27,26 Jan 2025,ABANDONED,0.0,3.0,2.0,4.0,3.0,9.6,Yes,2025-04-25,Lack of money
1168,280,learn to cook healthier meals,Fitness and Health,Creative expression,20/04/2024,2024-04-23,researching,0.3,3.0,1.0,2.0,2.0,4.5,N,,
1169,174,PLAN A TRIP ITINERARY,Travel,Financial security,05/05/2023,2023-07-13,RESEARCHED,2.0,2.0,2.0,3.0,2.0,49.9,yes,2023-10-27,
1170,26,Ask for a performance review,career,Health & wellbeing,27 May 2024,14/07/2024,Planned,0.0,5.0,1.0,2.0,2.0,5.2,FALSE,,
1171,232,Renew an expiring document,Home and Admin,Career advancement,18/03/2025,03-18-2025,CREATED,0.0,4.0,1.0,5.0,2.0,6.1,FALSE,,
1172,295,Organize digital files,Home & Admin,Curiosity / fun,19 Aug 2024,2024/09/09,Researched,0.4,4.0,very low,3.0,1.0,4.0,No,,
1173,165,RESEARCH FLIGHTS FOR A TRIP,Travel,Social connection,10-29-2024,01-06-2025,STARTED ,0.0,2.0,4.0,5.0,1.0,5.5,0,,
1174,131,Track spending for a month,financial,Obligation / should-do,07/09/2023,10-23-2023,Researched,0.4,5.0,3.0,3.0,,82.8,N,,
1175,111,learn to cook healthier meals,fitness/health,Career advancement,11/05/2023,10 Sep 2023,worked on it,1.0,,2.0,4.0,1.0,11.1,FALSE,,
1176,30,Finish a painting series,Creativity,Health & wellbeing,04 Sep 2023,2023/10/18,Postponed,0.0,4.0,1.0,1.0,2.0,10.7,False,,Low energy / burnout
1177,167,Study for a certification exam,LEARNING & SKILLS,Curiosity / fun,2023-12-23,2024-02-22,gave up,0.0,1.0,1.0,2.0,1.0,7.9,no,,Lack of money
1178,212,Write a long-overdue message,Relationship,Curiosity / fun,2023/07/25,2023/08/16,Research,1.7,2.0,2.0,4.0,2.0,5.9,1,2023-12-24,
1179,267,Improve sleep schedule,fitness/health,Financial security,01-25-2024,2024/02/15,RESEARCHED,1.5,4.0,4.0,3.0,3.0,9.3,FALSE,,
1180,236,study for a certification exam,Learning & Skills,Health & wellbeing,04 Apr 2024,2024-04-04,New,0.0,2.0,1.0,3.0,1.0,3.0,no,,
1181,1,Learn SQL properly,Learning&Skills,Personal growth,29/01/2025,2025-01-29,created,0.0,3.0,,4.0,4.0,6.6,True,2025-04-10,
1182,203,Track spending for a month,Financial,Obligation / should-do,05-15-2025,2025-05-15,New,0.0,4.0,2.0,5.0,1.0,39.0,,,
1183,301,Improve sleep schedule,FITNESS & HEALTH,Health & wellbeing,21 Mar 2023,04-06-2023,Research,0.3,4.0,1.0,2.0,1.0,,,,
1184,89,pay off a small debt,Financial,Curiosity / fun,2023/08/04,08-04-2023,New,0.0,3.0,2.0,1.0,2.0,2.5,no,,
1185,103,Improve sleep schedule,Fitness & Health,Personal growth,25/08/2023,08-28-2023,RESEARCHED,0.3,3.0,2.0,3.0,,4.9,N,,
1186,285,Finish an online Python course,Learning & Skills,Obligation / should-do,2024/09/21,2024-10-10,Researched,2.4,3.0,,2.0,1.0,3.2,No,,
1187,154,Redesign a personal art portfolio,Creative,Personal growth,2024-11-07,07/11/2024,created,0.0,2.0,2.0,5.0,1.0,41.7,Y,2025-01-21,
1188,310,Cut down on sugar,fitness/health,Social connection,31/03/2025,31 Mar 2025,New,0.0,3.0,1.0,3.0,2.0,24.6,No,,
1189,122,Start a small garden,hobby,Financial security,11/02/2024,11 Feb 2024,Created,-0.0,5.0,1.0,1.0,1.0,31.4,False,,
1190,60,Start a photography project,creative,Social connection,19/10/2023,09/11/2023,Researched,0.7,2.0,3.0,3.0,2.0,14.4,Y,2024-03-20,
1191,137, Plan a solo trip  ,travel,Obligation / should-do,2023/04/06,06 Apr 2023,Created,0.0,3.0,1.0,2.0,2.0,2.7,FALSE,,
1192,214,Plan a weekend getaway,Travel,Health & wellbeing,03/02/2025,2025-03-24,postponed,0.0,1.0,1.0,4.0,1.0,,FALSE,,No accountability
1193,160,Research a relocation destination, Travel,Obligation / should-do,2024/04/24,16/05/2024,researching,1.4,4.0,2.0,4.0,1.0,8.4,N,,
1194,275,Start a small blog,SIDE PROJECT,Curiosity / fun,10/02/2024,2024-05-31,abandoned,0.0,3.0,4.0,1.0,1.0,30.7,FALSE,,Lack of motivation
1195,177,Plan a weekend getaway,Travel,Obligation / should-do,05/06/2024,2024-06-22,Researched,3.1,5.0,1.0,2.0,,15.1,False,,
1196,157,RESEARCH A RELOCATION DESTINATION, Travel,Financial security,2024-12-04,10/01/2025,RESEARCHED,0.6,3.0,1.0,3.0,2.0,13.5,Yes,2025-02-23,
1197,312,Start a small blog,side project,Social connection,19/10/2023,02 Nov 2023,researching,0.3,3.0,medium,2.0,,6.4,Yes,2023-12-13,
1198,305,Plan a solo trip, Travel,Financial security,25 Feb 2024,04/07/2024,abandoned,0.0,4.0,medium,3.0,1.0,5.8,no,,Perfectionism / fear of failure
1199,173,Plan a solo trip,travel,Social connection,2023-07-28,2023-09-05,worked on it,7.0,3.0,very low,5.0,3.0,4.7,1,2023-09-13,
1200,269,Learn touch typing,Learning & Skills,Obligation / should-do,2025-06-01,06-18-2025,Researched,1.7,3.0,2.0,3.0,4.0,19.2,N,,
1201,39,Start a freelance side gig,SideProject,Financial security,2023-10-13,05 Mar 2024,CONTINUED,,2.0,3.0,3.0,1.0,9.5,N,,
1202,101,Start a niche newsletter,side project,Health & wellbeing,03/10/2024,02 Jan 2025,Continued,5.8,4.0,4.0,1.0,3.0,4.5,1,2025-02-06,
1203,9,Plan a family visit,Relationships,Curiosity / fun,07-19-2024,2024-08-27,start,0.0,4.0,2.0,3.0,1.0,2.2,,,
1204,15,Create a travel budget,Travel,Financial security,2023/10/04,07/11/2023,Research,2.8,medium,4.0,3.0,3.0,0.8,False,,
1205,101,start a niche newsletter,Side Project,Health & wellbeing,03 Oct 2024,2024-12-06,start,0.0,4.0,4.0,1.0,3.0,4.5,TRUE,2025-02-06,
1206,41,Try a new craft technique,Creative,Health & wellbeing,06/04/2025,06 Apr 2025,New,0.0,3.0,3.0,,2.0,2.4,No,,
1207,108,Repair a strained relationship,Relationships,Financial security,02-04-2025,16/03/2025,Started,0.0,3.0,1.0,2.0,2.0,4.9,no,,
1208,192,Update personal records,HOME & ADMIN,Creative expression,25 Jan 2024,25/01/2024,New,0.0,4.0,3.0,3.0,2.0,12.2,0,,
1209,258,Renew an expiring document,home/admin,Curiosity / fun,01-14-2024,03-09-2024,abandoned,0.0,1.0,1.0,4.0,1.0,1.2,no,,Blocked by dependency
1210,127,Book a long-postponed trip, Travel,Creative expression,19 Mar 2024,2024-04-26,Planned,0.0,1.0,4.0,3.0,1.0,3.3,,,
1211,85,Start a reading challenge,hobby,Social connection,11-10-2024,10/11/2024,Created,0.0,5.0,4.0,,2.0,14.6,,,
1212,95, Repair a strained relationship  ,relationships,Career advancement,14/02/2024,2024/04/17,Planned,0.0,2.0,1.0,1.0,2.0,35.9,yes,2024-08-13,
1213,76,Review and cut subscriptions,financial,Obligation / should-do,17 Aug 2023,08-17-2023,CREATED,0.0,2.0,3.0,3.0,5.0,3.9,1,2023-10-19,
1214,241,Start journaling regularly,Hobbies,Curiosity / fun,09 Mar 2023,04-23-2023,PLANNED,0.0,3.0,2.0,3.0,2.0,8.5,Y,2023-08-29,
1215,234,Learn SQL properly,Learning & Skills,Curiosity / fun,15/05/2023,2023-05-23,RESEARCHED,0.4,5.0,4.0,4.0,3.0,17.6,Y,2023-07-28,
1216,186,FIND A MENTOR IN MY FIELD,career,Obligation / should-do,02-01-2025,2025/04/19,Continued,1.1,1.0,1.0,3.0,4.0,7.7,N,,
1217,297,Learn the basics of investing,FINANCIAL,Curiosity / fun,2024/01/21,2024/01/21,created,0.0,3.0,2.0,5.0,,10.0,FALSE,,
1218,96,Learn touch typing,Learning&Skills,Creative expression,2023/08/13,11 Jan 2024,Continued,1.7,2.0,3.0,3.0,5.0,,yes,2024-02-21,
1219,165,Research flights for a trip, Travel,Social connection,2024/10/29,2024-12-29,Researched,1.4,2.0,4.0,5.0,1.0,5.5,No,,
1220,57,Research visa requirements, Travel,Career advancement,2025-02-08,2025/04/16,Planned,0.0,3.0,3.0,5.0,1.0,55.7,FALSE,,
1221,254,Start a puzzle-solving habit,HOBBY,Social connection,2023/01/30,2023-01-30,CREATED,0.0,1.0,2.0,2.0,1.0,24.8,Yes,2023-08-11,
1222,214,Plan a weekend getaway, Travel,Health & wellbeing,03/02/2025,05-24-2025,worked on it,1.9,1.0,,4.0,1.0,11.2,,,
1223,260,Start meditating daily,FITNESS & HEALTH,Social connection,02-20-2023,20 Feb 2023,New,0.0,3.0,3.0,3.0,1.0,10.9,No,,
1224,250, Prepare for technical interviews  ,CAREER,Health & wellbeing,06 Sep 2024,26 Sep 2024,Researched,0.7,1.0,2.0,2.0,2.0,2.0,FALSE,,
1225,100,Learn to cook healthier meals,Fitness and Health,Social connection,05 Apr 2024,04-05-2024,CREATED,,3.0,1.0,3.0,1.0,2.4,1,2024-06-21,
1226,85,Start a reading challenge,HOBBY,Social connection,11-10-2024,2024-12-02,PLANNED,0.0,5.0,4.0,3.0,2.0,14.6,,,
1227,165,research flights for a trip,TRAVEL ,Social connection,29 Oct 2024,2025-02-01,continued work,0.7,2.0,4.0,5.0,1.0,5.5,FALSE,,
1228,7,Study for a certification exam,Learning & Skills,Curiosity / fun,10 Apr 2023,2023/06/20,Research,,2.0,4.0,3.0,1.0,17.1,,,
1229,155,Start a small blog,SIDE PROJECT,Creative expression,2023/06/10,25/06/2023,Research,0.9,3.0,1.0,4.0,3.0,14.3,Y,2023-10-17,
1230,282,Learn to cook healthier meals,Fitness & Health,Social connection,2023-03-11,06-01-2023,Continued,2.4,2.0,very low,5.0,1.0,6.5,False,,
1231,33,Compare insurance providers,Financial,Financial security,2025/06/12,07-02-2025,planning,0.0,2.0,3.0,4.0,1.0,19.4,False,,
1232,20,Start a small garden,HOBBY,Financial security,2024/08/20,2024/11/24,start,0.0,1.0,2.0,3.0,,6.6,False,,
1233,258,Renew an expiring document,Home & Admin,Curiosity / fun,14 Jan 2024,2024-02-10,researching,8.1,1.0,1.0,4.0,1.0,1.2,N,,
1234,291,Fix a recurring household issue,Home & Admin,Curiosity / fun,01/02/2024,2024-02-01,New,0.0,3.0,4.0,3.0,4.0,13.6,N,,
1235,313,Research flights for a trip,Travel,Health & wellbeing,31 May 2023,29/07/2023,delayed,0.0,3.0,1.0,1.0,2.0,15.8,FALSE,,Unclear next step
1236,200,Start sketching daily,Creativity,Career advancement,15 Oct 2024,2024-12-16,Started,-0.0,2.0,4.0,4.0,1.0,13.7,TRUE,2025-01-02,
1237,253,Plan a savings goal,FINANCIAL,Career advancement,08-20-2023,20 Aug 2023,CREATED,0.0,3.0,2.0,4.0,1.0,9.5,FALSE,,
1238,5,Start sketching daily,Creative,Personal growth,2024-08-26,12/09/2024,researching,1.1,4.0,,3.0,,5.0,True,2024-09-10,
1239,102,RESEARCH INVESTMENT OPTIONS,Finance,Health & wellbeing,10-06-2023,2023-10-06,created,0.0,2.0,1.0,2.0,2.0,3.9,no,,
1240,287,Plan a road trip route,Travel,Creative expression,10-29-2024,2025/02/24,Abandoned,0.0,3.0,3.0,4.0,1.0,,yes,2025-04-15,No accountability
1241,123,Practice a new software tool weekly,learning and skills,Financial security,2024/12/08,31 Mar 2025,abandoned,,3.0,2.0,3.0,1.0,73.8,,,Competing priorities
1242,13,set up a filing system,home/admin,Health & wellbeing,2023-08-03,2023/11/13,ABANDONED,0.0,2.0,2.0,2.0,1.0,17.0,No,,Lost interest
1243,254,Start a puzzle-solving habit,HOBBY,Social connection,01-30-2023,26 Mar 2023,researching,1.3,1.0,2.0,2.0,,24.8,True,2023-08-11,
1244,165,Research flights for a trip,TRAVEL ,Social connection,2024-10-29,2025/03/19,worked on it,5.0,2.0,4.0,5.0,1.0,5.5,no,,
1245,80,Learn a card or board game deeply,HOBBY,Curiosity / fun,09/02/2023,29 Mar 2023,researching,1.1,2.0,1.0,5.0,1.0,24.9,Y,2023-06-14,
1246,107, Plan a solo trip  ,Travel,Obligation / should-do,2023-12-27,2023-12-27,created,0.0,medium,1.0,3.0,1.0,4.5,,,
1247,51,Organize digital files,HOME & ADMIN,Personal growth,2023-02-21,2023/02/21,Created,0.0,1.0,3.0,5.0,2.0,2.1,No,,
1248,187,Write a long-overdue message,relationships,Personal growth,2024-05-22,06-22-2024,PUSHED BACK,0.0,2.0,4.0,1.0,1.0,12.1,no,,Perfectionism / fear of failure
1249,308,Try a new craft technique,CREATIVE ,Creative expression,25 Nov 2024,25/11/2024,New,0.0,1.0,3.0,low,1.0,0.6,No,,
1250,206,Build an emergency fund,financial,Career advancement,02 Aug 2024,26 Oct 2024,abandoned,0.0,3.0,2.0,3.0,3.0,3.3,0,,Lack of time
1251,40,Build an automation script,SideProject,Creative expression,2025-01-10,2025/03/03,Planned,0.0,3.0,1.0,3.0,2.0,2.9,,,
1252,217,Learn the basics of investing,FINANCIAL,Social connection,05-07-2023,2023-05-07,New,0.0,2.0,,3.0,5.0,11.5,no,,
1253,65,Learn touch typing,Learning&Skills,Curiosity / fun,2025-04-29,07-05-2025,continued work,0.3,3.0,3.0,2.0,5.0,3.3,TRUE,2025-05-13,
1254,282,Learn to cook healthier meals,FITNESS & HEALTH,Social connection,2023/03/11,02 May 2023,CONTINUED,5.3,2.0,1.0,5.0,1.0,6.5,,,
1255,110,Plan a date night routine,Relationship,Obligation / should-do,2024/11/15,15 Nov 2024,New,,2.0,3.0,3.0,1.0,4.7,FALSE,,
1256,13,Set up a filing system,home/admin,Health & wellbeing,03 Aug 2023,08-13-2023,RESEARCHED,,2.0,2.0,2.0,1.0,17.0,no,,
1257,234,Learn SQL properly,LEARNING & SKILLS,Curiosity / fun,15 May 2023,2023/06/12,PLANNED,0.0,5.0,4.0,4.0,3.0,17.6,Y,2023-07-28,
1258,160,Research a relocation destination,Travel,Obligation / should-do,2024/04/24,02 Jun 2024,RESEARCHED,705.0,4.0,2.0,4.0,1.0,8.4,FALSE,,
1259,235,Get a professional certification,career,Health & wellbeing,09-29-2023,29/09/2023,CREATED,0.0,4.0,2.0,3.0,2.0,4.1,Yes,2024-01-28,
1260,34,CONTRIBUTE TO AN OPEN-SOURCE PROJECT,Side Project,Social connection,2025/01/17,02-11-2025,researching,0.7,3.0,3.0,5.0,2.0,4.1,No,,
1261,225,Plan a road trip route, Travel,Social connection,22/02/2024,01/05/2024,PUSHED BACK,0.0,4.0,4.0,4.0,1.0,35.5,,,Competing priorities
1262,171,Build a personal data project,Side Project,Creative expression,04 Nov 2024,30 Nov 2024,planning,0.0,2.0,1.0,2.0,4.0,29.3,False,,
1263,135,Prototype a small app idea,SideProject,Creative expression,03-29-2023,29/03/2023,New,0.0,4.0,1.0,,1.0,2.3,1,2023-07-25,
1264,120,Research flights for a trip, Travel,Health & wellbeing,02-24-2025,17 Mar 2025,researching,1.6,2.0,,2.0,1.0,11.5,False,,
1265,120,Research flights for a trip, Travel,Health & wellbeing,24 Feb 2025,2025-04-17,Researched,2.7,2.0,,2.0,1.0,11.5,N,,
1266,173,Plan a solo trip, Travel,Social connection,2023-07-28,2023/09/11,worked on it,4.3,3.0,1.0,5.0,3.0,4.7,Yes,2023-09-13,
1267,92,READ ONE BOOK ON STATISTICS,LEARNING & SKILLS,Financial security,11-19-2024,2024/11/19,CREATED,0.0,2.0,2.0,2.0,1.0,2.8,False,,
1268,263,Plan a family visit,Relationship,Creative expression,2023/10/18,05 Dec 2023,delayed,0.0,3.0,3.0,5.0,2.0,,0,,Lost interest
1269,17,Send a thank-you note,RELATIONSHIPS,Curiosity / fun,2023/03/09,09 Mar 2023,CREATED,0.0,2.0,3.0,5.0,1.0,3.9,Yes,2023-08-15,
1270,25,Renew an expiring document,HOME & ADMIN,Creative expression,2023/10/28,05-21-2024,Done!,0.0,4.0,1.0,5.0,1.0,13.8,False,,
1271,315, Call an old friend  ,relationships,Financial security,10 Feb 2024,10/02/2024,New,0.0,4.0,1.0,3.0,1.0,12.4,0,,
1272,224,Start journaling regularly,hobby,Health & wellbeing,2025-06-25,07-10-2025,Researched,1.0,,5.0,3.0,1.0,21.0,No,,
1273,283,Plan a savings goal,FINANCIAL,Health & wellbeing,27 Feb 2023,2023/02/27,Created,0.0,4.0,3.0,,5.0,4.6,No,,
1274,49,Set up automatic savings,Financial,Creative expression,2023-10-20,2024/02/03,postponed,0.0,2.0,2.0,4.0,3.0,2.8,no,,Lack of time
1275,209,Start a puzzle-solving habit,HOBBY,Personal growth,11-25-2024,2024/11/26,Research,1.4,5.0,2.0,4.0,1.0,7.0,No,,
1276,257,LEARN BASIC PUBLIC SPEAKING,Learning&Skills,Creative expression,2023-08-09,2023/09/01,Research,2.0,,2.0,4.0,3.0,4.0,N,,
1277,55,Schedule regular calls with family,Relationships,Curiosity / fun,2023/09/25,01-15-2024,CONTINUED,1.3,4.0,1.0,4.0,1.0,3.4,,2024-04-09,
1278,170,Research a relocation destination, Travel,Obligation / should-do,19 Nov 2023,07/04/2024,continued work,0.9,3.0,2.0,5.0,,5.1,Yes,2024-01-01,
1279,273,Collect and organize a hobby set,Hobbies,Curiosity / fun,05-01-2025,01 May 2025,CREATED,0.0,3.0,3.0,3.0,,24.0,False,,
1280,237,Research flights for a trip, Travel,Career advancement,2023/08/15,2023-11-20,abandoned,0.0,3.0,4.0,4.0,1.0,3.4,FALSE,,No accountability
1281,304,IMPROVE SLEEP SCHEDULE,fitness/health,Personal growth,2025/05/01,05-01-2025,CREATED,0.0,3.0,4.0,4.0,1.0,43.3,no,,
1282,91,start going to the gym 3x/week,fitness/health,Curiosity / fun,18 Oct 2023,18 Oct 2023,created,0.0,3.0,3.0,2.0,,5.1,False,,
1283,4,Prototype a small app idea,side project,Obligation / should-do,03/01/2025,2025-01-03,created,0.0,2.0,1.0,3.0,1.0,2.3,No,,
1284,120,Research flights for a trip,Travel,Health & wellbeing,24/02/2025,12 Mar 2025,RESEARCHED,0.5,2.0,2.0,2.0,1.0,11.5,no,,
1285,210,Learn SQL properly,learning and skills,Career advancement,2023/11/13,2023/11/13,New,,4.0,3.0,1.0,4.0,28.3,False,,
1286,10,Try a new recipe every week,hobby,Financial security,22/12/2024,2024/12/22,CREATED,0.0,2.0,2.0,4.0,1.0,1.7,1,2025-06-23,
1287,7,STUDY FOR A CERTIFICATION EXAM,LEARNING & SKILLS,Curiosity / fun,2023-04-10,2023/07/05,gave up,0.0,2.0,4.0,3.0,1.0,17.1,No,,Competing priorities
1288,39,Start a freelance side gig,SIDE PROJECT,Financial security,10-13-2023,2024-01-04,PLANNED,0.0,2.0,3.0,3.0,1.0,9.5,FALSE,,
1289,127,Book a long-postponed trip,travel,Creative expression,19 Mar 2024,03-20-2024,RESEARCHED,1.8,1.0,4.0,3.0,1.0,3.3,False,,
1290,232,renew an expiring document,HOME & ADMIN,Career advancement,03-18-2025,04-01-2025,researching,2.0,4.0,1.0,5.0,2.0,6.1,,,
1291,299,Build an automation script,SIDE PROJECT,Personal growth,01-19-2023,2023-01-19,New,,2.0,5.0,2.0,2.0,32.7,N,,
1292,127,Book a long-postponed trip,TRAVEL ,Creative expression,19/03/2024,21 Apr 2024,Postponed,0.0,1.0,4.0,3.0,,3.3,No,,Lack of money
1293,174,PLAN A TRIP ITINERARY,TRAVEL ,Financial security,05 May 2023,09 May 2023,RESEARCHED,1.2,2.0,low,3.0,2.0,49.9,1,2023-10-27,
1294,101,Start a niche newsletter,SIDE PROJECT,Health & wellbeing,2024-10-03,23 Jan 2025,worked on it,0.5,4.0,4.0,very low,3.0,4.5,1,2025-02-06,
1295,309,Plan a weekend getaway,TRAVEL ,Obligation / should-do,2025-03-07,19/07/2025,Continued,,3.0,4.0,5.0,1.0,4.7,False,,
1296,59,Launch a small online shop,side project,Health & wellbeing,2024-06-02,2024-06-15,Researched,0.4,,2.0,2.0,3.0,11.3,Y,2024-09-13,
1297,292,start a houseplant collection,HOBBY,Curiosity / fun,2025/03/19,19/03/2025,created,0.0,1.0,3.0,3.0,2.0,15.0,No,,
1298,286,Plan a road trip route,TRAVEL ,Career advancement,21 Jul 2024,07-21-2024,CREATED,0.0,1.0,5.0,2.0,1.0,6.4,FALSE,,
1299,303,Automate a recurring bill payment,HOME & ADMIN,Personal growth,15/05/2023,2023/06/25,Researched,1.2,1.0,2.0,2.0,1.0,7.6,,,
1300,8,Start a puzzle-solving habit,hobby,Health & wellbeing,06/04/2025,2025-04-27,Researched,0.9,1.0,2.0,very low,1.0,9.7,Y,2025-08-15,
1301,304,Improve sleep schedule,Fitness & Health,Personal growth,2025/05/01,06-18-2025,planning,0.0,3.0,4.0,4.0,1.0,43.3,No,,
1302,231,Learn basic public speaking,LEARNING & SKILLS,Financial security,2023/08/01,01 Aug 2023,New,0.0,2.0,,2.0,1.0,35.8,no,,
1303,26,Ask for a performance review,career,Health & wellbeing,27/05/2024,19/01/2025,abandoned,0.0,5.0,1.0,2.0,2.0,5.2,,,Low energy / burnout
1304,308, Try a new craft technique  ,creative,Creative expression,2024-11-25,2025/03/05,CONTINUED,2.2,1.0,3.0,2.0,,0.6,,,
1305,18,Learn a new design software,CREATIVE ,Creative expression,2024/02/10,22/02/2024,Research,0.5,2.0,3.0,medium,1.0,13.0,no,,
1306,17,send a thank-you note,relationships,Curiosity / fun,2023-03-09,29 Mar 2023,RESEARCHED,0.9,2.0,3.0,5.0,1.0,3.9,True,2023-08-15,
1307,278,RENEW AN EXPIRING DOCUMENT,Home & Admin,Financial security,30 Aug 2023,2023-08-30,CREATED,0.0,3.0,,5.0,1.0,4.1,True,2023-11-17,
1308,215,Research a relocation destination,Travel,Financial security,25 May 2023,25/05/2023,New,0.0,3.0,3.0,3.0,1.0,20.0,,,
1309,173,Plan a solo trip,TRAVEL ,Social connection,28/07/2023,2023/08/15,planning,0.0,3.0,1.0,5.0,3.0,4.7,yes,2023-09-13,
1310,5, Start sketching daily  ,Creativity,Personal growth,2024/08/26,30 Oct 2024,delayed,0.0,4.0,2.0,3.0,1.0,5.0,yes,2024-09-10,Blocked by dependency
1311,227,Organize digital files,home/admin,Curiosity / fun,03 Dec 2024,03-29-2025,CONTINUED,3.7,3.0,3.0,5.0,2.0,6.6,FALSE,,
1312,68,Start a niche newsletter,SIDE PROJECT,Personal growth,04 May 2025,04/05/2025,CREATED,0.0,3.0,1.0,3.0,3.0,4.9,N,,
1313,82,Organize a small get-together,Relationship,Career advancement,2023-09-18,02 Oct 2023,Researched,0.6,3.0,1.0,3.0,1.0,13.0,Yes,2024-01-21,
1314,169,Compare insurance providers,FINANCIAL,Career advancement,13 Apr 2025,2025/04/13,Created,,3.0,3.0,2.0,3.0,9.5,False,,
1315,223, Schedule regular calls with family  ,relationships,Obligation / should-do,2024/01/15,25/02/2024,PLANNED,0.0,low,2.0,4.0,2.0,9.4,False,,
1316,160,RESEARCH A RELOCATION DESTINATION,TRAVEL ,Obligation / should-do,04-24-2024,31/05/2024,RESEARCHED,0.3,4.0,2.0,4.0,1.0,8.4,no,,
1317,34,Contribute to an open-source project,Side Project,Social connection,01-17-2025,2025-01-19,researching,0.9,,3.0,5.0,2.0,4.1,No,,
1318,50,Train for a 5k run,Fitness and Health,Career advancement,10-31-2023,10-31-2023,New,0.0,2.0,2.0,2.0,3.0,11.8,yes,2023-11-28,
1319,311,BUILD A PORTFOLIO WEBSITE,Career ,Health & wellbeing,14/06/2025,26/07/2025,abandoned,0.0,3.0,2.0,2.0,1.0,6.7,,,Lost interest
1320,199,Try a new recipe every week,hobby,Personal growth,05-24-2024,24/05/2024,Created,0.0,3.0,1.0,3.0,1.0,3.3,no,,
1321,60,Start a photography project,Creative,Social connection,10-19-2023,30/10/2023,researching,1.9,2.0,3.0,3.0,2.0,14.4,TRUE,2024-03-20,
1322,285,finish an online python course,Learning & Skills,Obligation / should-do,2024/09/21,21 Sep 2024,New,0.0,,3.0,2.0,1.0,3.2,,,
1323,222,Research a relocation destination, Travel,Personal growth,10/04/2023,2023-05-29,planning,0.0,2.0,3.0,2.0,1.0,45.7,1,2023-09-08,
1324,88,Reduce screen time before bed,FITNESS & HEALTH,Career advancement,08-05-2024,2024/08/21,planning,0.0,3.0,4.0,1.0,1.0,7.8,0,,
1325,205,Start a puzzle-solving habit,HOBBY,Obligation / should-do,2024-12-17,17 Dec 2024,New,0.0,3.0,1.0,3.0,3.0,38.7,no,,
1326,233, Review and cut subscriptions  ,Finance,Personal growth,05-14-2023,24 May 2023,Research,1.6,1.0,5.0,,1.0,20.5,no,,
1327,227,Organize digital files,Home & Admin,Curiosity / fun,2024/12/03,2025/02/11,Continued,3.5,3.0,,5.0,2.0,6.6,N,,
1328,176,Write short stories weekly,Creativity,Personal growth,17 Apr 2024,05-28-2024,gave up,0.0,5.0,1.0,3.0,1.0,23.8,N,,Lack of motivation
1329,282,Learn to cook healthier meals,FITNESS & HEALTH,Social connection,2023/03/11,03-11-2023,Created,,2.0,,5.0,1.0,6.5,,,
1330,2,Practice a new software tool weekly,Learning&Skills,Career advancement,31 Mar 2023,2023-05-18,ABANDONED,0.0,2.0,4.0,4.0,1.0,13.3,N,,No accountability
1331,289,Learn basic public speaking,learning and skills,Creative expression,10-23-2024,10 Dec 2024,delayed,0.0,,4.0,medium,1.0,11.7,1,2025-01-08,Low energy / burnout
1332,222,Research a relocation destination,Travel,Personal growth,2023/04/10,2023/04/29,Research,4.7,2.0,3.0,,1.0,45.7,yes,2023-09-08,
1333,39,Start a freelance side gig,Side Project,Financial security,13 Oct 2023,05/12/2023,Research,0.4,,3.0,3.0,1.0,9.5,FALSE,,
1334,79,Update CV and LinkedIn profile,Career,Personal growth,06-17-2025,01 Jul 2025,Researched,1.0,2.0,3.0,1.0,5.0,23.6,No,,
1335,291,Fix a recurring household issue,Home & Admin,Curiosity / fun,2024/02/01,14 Apr 2024,Started,0.0,3.0,4.0,medium,4.0,13.6,,,
1336,131,Track spending for a month,Finance,Obligation / should-do,2023-09-07,2023/10/10,RESEARCHED,0.8,very high,3.0,3.0,1.0,82.8,FALSE,,
1337,287,Plan a road trip route,Travel,Creative expression,2024/10/29,30/11/2024,postponed,0.0,3.0,3.0,4.0,1.0,7.0,TRUE,2025-04-15,Blocked by dependency
1338,111,Learn to cook healthier meals,fitness/health,Career advancement,11/05/2023,2023-08-18,CONTINUED,4.9,3.0,2.0,4.0,1.0,11.1,,,
1339,108,Repair a strained relationship,Relationship,Financial security,04 Feb 2025,19/07/2025,CONTINUED,0.8,3.0,1.0,2.0,2.0,4.9,0,,
1340,247,finish an online python course,Learning&Skills,Health & wellbeing,01 May 2025,22/07/2025,finished,0.0,2.0,1.0,3.0,5.0,4.0,TRUE,2025-09-02,
1341,14,Start journaling regularly,Hobby,Personal growth,2024-06-30,06-30-2024,CREATED,0.0,4.0,2.0,4.0,1.0,4.6,0,,
1342,224,Start journaling regularly,HOBBY,Health & wellbeing,25 Jun 2025,25 Jun 2025,Created,0.0,3.0,5.0,3.0,1.0,21.0,False,,
1343,96,Learn touch typing,Learning & Skills,Creative expression,2023-08-13,14/08/2023,researching,,2.0,3.0,3.0,5.0,22.4,,2024-02-21,
1344,133, Learn key phrases for a trip  ,Travel,Curiosity / fun,30/12/2023,02-07-2024,researching,0.2,2.0,1.0,3.0,1.0,4.3,no,,
1345,284,Track spending for a month,Financial,Social connection,2024/04/07,2024-04-07,New,0.0,4.0,2.0,3.0,4.0,12.9,TRUE,2024-07-24,
1346,5,Start sketching daily,Creative,Personal growth,26/08/2024,26/08/2024,New,0.0,4.0,2.0,3.0,1.0,,TRUE,2024-09-10,
1347,157,Research a relocation destination,Travel,Financial security,2024-12-04,27 Mar 2025,Started,0.0,3.0,very low,3.0,2.0,13.5,yes,2025-02-23,
1348,186,Find a mentor in my field, Career,Obligation / should-do,01/02/2025,2025-02-16,Researched,1.6,1.0,1.0,3.0,4.0,7.7,N,,
1349,2,Practice a new software tool weekly,Learning & Skills,Career advancement,2023/03/31,31 Mar 2023,Created,0.0,2.0,4.0,4.0,1.0,13.3,no,,
1350,28,Start a small blog,SIDE PROJECT,Career advancement,09-05-2024,2024-09-05,created,0.0,4.0,1.0,3.0,3.0,2.7,FALSE,,
1351,45, Write a long-overdue message  ,relationships,Health & wellbeing,10-13-2023,2023/10/13,Created,,5.0,1.0,4.0,1.0,5.3,,,
1352,299,Build an automation script,Side Project,Personal growth,19 Jan 2023,03-11-2023,Continued,1.1,2.0,5.0,2.0,2.0,32.7,no,,
1353,55,schedule regular calls with family,relationships,Curiosity / fun,2023-09-25,28 Feb 2024,Continued,0.4,4.0,1.0,4.0,1.0,3.4,True,2024-04-09,
1354,223,Schedule regular calls with family,Relationship,Obligation / should-do,15/01/2024,21 Jan 2024,researching,,2.0,2.0,,2.0,9.4,N,,
1355,227,Organize digital files,HOME & ADMIN,Curiosity / fun,2024/12/03,2025-05-01,postponed,0.0,3.0,3.0,5.0,2.0,6.6,,,Lack of motivation
1356,78,LAUNCH A SMALL ONLINE SHOP,Side Project,Curiosity / fun,26/11/2024,2025/01/13,Abandoned,0.0,3.0,3.0,5.0,3.0,4.9,No,,Overestimated effort required
1357,148,research a relocation destination,travel,Career advancement,2024/08/13,2024-08-26,Research,0.9,3.0,2.0,4.0,3.0,20.3,FALSE,,
1358,132, Declutter the apartment  ,Home & Admin,Personal growth,2024-05-21,2024-05-21,Created,0.0,3.0,2.0,3.0,1.0,7.2,FALSE,,
1359,30,Finish a painting series,Creativity,Health & wellbeing,2023-09-04,04 Sep 2023,New,0.0,4.0,1.0,1.0,2.0,10.7,FALSE,,
1360,116,CREATE A MONTHLY BUDGET,FINANCIAL,Career advancement,26/04/2024,2024/04/26,created,0.0,1.0,2.0,,1.0,22.9,Yes,2024-09-25,
1361,127,Book a long-postponed trip,TRAVEL ,Creative expression,03-19-2024,2024-09-17,Done!,,1.0,,3.0,1.0,3.3,No,,
1362,129,Learn a card or board game deeply,hobby,Obligation / should-do,04/03/2025,15/03/2025,Research,,2.0,4.0,3.0,1.0,6.5,No,,
1363,57,Research visa requirements,travel,Career advancement,08/02/2025,03-12-2025,Research,1.6,3.0,3.0,5.0,1.0,55.7,No,,
1364,144,Learn salary negotiation,Career ,Social connection,08 Oct 2023,06 Nov 2023,planning,0.0,4.0,2.0,3.0,,7.8,1,2023-11-04,
1365,41,Try a new craft technique,CREATIVE ,Health & wellbeing,04-06-2025,2025-04-17,researching,0.6,3.0,3.0,4.0,2.0,2.4,,,
1366,3,Apply to 10 jobs abroad,Career ,Career advancement,2023/08/12,12/08/2023,CREATED,0.0,2.0,2.0,3.0,1.0,1.7,yes,2024-01-27,
1367,86,start a freelance side gig,Side Project,Obligation / should-do,13 Nov 2024,2025/02/07,Replaced,0.0,4.0,1.0,,3.0,1.7,no,,Replaced by a different priority
1368,17,Send a thank-you note,RELATIONSHIPS,Curiosity / fun,03-09-2023,05-17-2023,delayed,0.0,2.0,3.0,5.0,1.0,3.9,Yes,2023-08-15,Overestimated effort required
1369,41,Try a new craft technique,CREATIVE ,Health & wellbeing,06 Apr 2025,03 Jun 2025,PLANNED,0.0,3.0,3.0,4.0,2.0,2.4,FALSE,,
1370,232,Renew an expiring document,Home and Admin,Career advancement,18 Mar 2025,04-06-2025,Researched,,4.0,1.0,5.0,2.0,6.1,N,,
1371,71,Build a personal dashboard,SIDE PROJECT,Financial security,2024-09-27,16/10/2024,RESEARCHED,,3.0,,4.0,2.0,8.0,0,,
1372,243,Finish an online Python course,Learning & Skills,Financial security,23/05/2025,2025-06-07,RESEARCHED,0.6,1.0,1.0,2.0,3.0,6.3,N,,
1373,159,Train for a 5k run,Fitness & Health,Social connection,03-03-2023,06-06-2023,continued work,-2.7,,2.0,3.0,,3.1,yes,2023-06-03,
1374,288,Build a portfolio project,Side Project,Curiosity / fun,03-05-2023,02/06/2023,worked on it,8.3,3.0,2.0,,3.0,15.8,N,,
1375,57,Research visa requirements,TRAVEL ,Career advancement,2025-02-08,14/04/2025,delayed,0.0,,3.0,,1.0,55.7,No,,Competing priorities
1376,234,Learn SQL properly,LEARNING & SKILLS,Curiosity / fun,05-15-2023,2023/07/27,Continued,0.8,5.0,4.0,4.0,3.0,17.6,Yes,2023-07-28,
1377,9,Plan a family visit,RELATIONSHIPS,Curiosity / fun,2024/07/19,13 Aug 2024,researching,1.0,4.0,2.0,3.0,1.0,2.2,no,,
1378,202,RESEARCH VISA REQUIREMENTS,Travel,Obligation / should-do,08-24-2024,2024/10/03,REPLACED,0.0,3.0,3.0,4.0,2.0,5.0,,,Replaced by a different priority
1379,78,LAUNCH A SMALL ONLINE SHOP,SIDE PROJECT,Curiosity / fun,2024-11-26,12-16-2024,Research,0.2,3.0,3.0,5.0,3.0,4.9,,,
1380,308,Try a new craft technique,creative,Creative expression,2024-11-25,2024/12/20,RESEARCHED,1.2,1.0,3.0,2.0,1.0,0.6,N,,
1381,197, Write a long-overdue message  ,Relationship,Personal growth,09-08-2023,2023-10-23,Planned,0.0,4.0,3.0,2.0,1.0,8.1,No,,
1382,68,Start a niche newsletter,Side Project,Personal growth,2025-05-04,24/05/2025,RESEARCHED,2.3,,1.0,3.0,3.0,4.9,0,,
1383,218,Start a small garden,Hobbies,Curiosity / fun,2025/04/22,23 Apr 2025,researching,1.7,3.0,3.0,3.0,1.0,6.8,,,
1384,267,Improve sleep schedule,Fitness and Health,Financial security,01-25-2024,08-10-2024,worked on it,0.8,4.0,4.0,3.0,3.0,9.3,N,,
1385,78,Launch a small online shop,side project,Curiosity / fun,11-26-2024,2024/11/26,New,0.0,3.0,3.0,5.0,3.0,4.9,FALSE,,
1386,297,Learn the basics of investing,FINANCIAL,Curiosity / fun,2024-01-21,10 Mar 2024,researching,1.1,3.0,2.0,very high,1.0,10.0,No,,
1387,242,Join a local social group,Relationships,Obligation / should-do,27 Jun 2024,06-27-2024,Created,0.0,3.0,1.0,2.0,1.0,39.4,,,
1388,25,Renew an expiring document,HOME & ADMIN,Creative expression,2023/10/28,11-23-2023,PUSHED BACK,,4.0,1.0,5.0,1.0,13.8,No,,Lack of motivation
1389,133,Learn key phrases for a trip,travel,Curiosity / fun,2023-12-30,2024/03/18,continued work,3.0,,1.0,3.0,1.0,,no,,
1390,219,Read one book on statistics,Learning & Skills,Curiosity / fun,2024/04/27,09-21-2024,Postponed,0.0,3.0,2.0,4.0,,15.8,TRUE,2024-10-01,Low energy / burnout
1391,320,Learn to use Power BI,learning and skills,Career advancement,09-01-2023,08 Sep 2023,RESEARCHED,1.1,2.0,3.0,5.0,2.0,4.2,No,,
1392,30,finish a painting series,Creative,Health & wellbeing,04/09/2023,26 Dec 2023,Continued,1.4,4.0,1.0,1.0,2.0,10.7,no,,
1393,228,Research career change options,career,Creative expression,2023-10-10,11-18-2023,RESEARCHED,0.4,4.0,4.0,1.0,3.0,15.3,True,2023-11-24,
1394,306,Plan a road trip route, Travel,Creative expression,19/10/2023,03-17-2024,CONTINUED,7.0,4.0,4.0,very high,,,False,,
1395,131,Track spending for a month,FINANCIAL,Obligation / should-do,07/09/2023,11-25-2023,delayed,0.0,5.0,3.0,3.0,1.0,82.8,No,,Blocked by dependency
1396,127,Book a long-postponed trip,Travel,Creative expression,03-19-2024,2024/08/13,CONTINUED,1.1,1.0,,medium,1.0,3.3,False,,
1397,69,Call an old friend,relationships,Career advancement,12 Feb 2023,31/03/2023,STARTED ,0.0,2.0,2.0,3.0,1.0,5.3,N,,
1398,129,Learn a card or board game deeply,Hobby,Obligation / should-do,04/03/2025,2025-03-04,Created,,2.0,4.0,3.0,1.0,6.5,N,,
1399,153,Plan a savings goal,Finance,Financial security,27/09/2024,10-14-2024,Researched,4.0,2.0,2.0,5.0,2.0,23.0,Yes,2024-11-05,
1400,137,Plan a solo trip, Travel,Obligation / should-do,2023-04-06,2023/04/25,Researched,1.3,3.0,1.0,2.0,2.0,2.7,FALSE,,
1401,189,Learn basic public speaking,learning and skills,Obligation / should-do,12/04/2024,2024/04/28,researching,4.2,1.0,3.0,4.0,2.0,43.0,yes,2024-06-01,
1402,176,Write short stories weekly,CREATIVE ,Personal growth,04-17-2024,12/05/2024,PLANNED,0.0,5.0,1.0,3.0,1.0,23.8,N,,
1403,35,Join a local social group,Relationships,Creative expression,10-27-2024,10-27-2024,created,0.0,,1.0,3.0,,10.5,N,,
1404,25,Renew an expiring document,Home & Admin,Creative expression,2023/10/28,09/12/2023,planning,0.0,4.0,1.0,5.0,1.0,13.8,,,
1405,177,PLAN A WEEKEND GETAWAY, Travel,Obligation / should-do,05/06/2024,08-30-2024,ABANDONED,,5.0,very low,2.0,2.0,15.1,N,,Perfectionism / fear of failure
1406,170,Research a relocation destination,Travel,Obligation / should-do,19/11/2023,02-27-2024,CONTINUED,,3.0,2.0,5.0,1.0,5.1,1,2024-01-01,
1407,166,Start meditating daily,FITNESS & HEALTH,Creative expression,2024-03-22,03-22-2024,CREATED,0.0,4.0,4.0,2.0,1.0,6.3,0,,
1408,186,Find a mentor in my field, Career,Obligation / should-do,2025/02/01,13/05/2025,CONTINUED,0.9,1.0,very low,3.0,4.0,7.7,N,,
1409,276,Try a new craft technique,CREATIVE ,Health & wellbeing,08 Mar 2025,2025/07/28,worked on it,2.3,2.0,1.0,4.0,1.0,42.2,1,2025-07-30,
1410,263,Plan a family visit,Relationships,Creative expression,18 Oct 2023,2023-10-25,Researched,0.7,3.0,3.0,5.0,2.0,8.2,FALSE,,
1411,246,Set up automatic savings,Finance,Creative expression,06-06-2023,06-06-2023,Created,0.0,3.0,2.0,3.0,,59.7,No,,
1412,9,Plan a family visit,Relationships,Curiosity / fun,19/07/2024,01-13-2025,finished,0.0,4.0,2.0,3.0,1.0,,,,
1413,22,Improve sleep schedule,Fitness and Health,Health & wellbeing,03-22-2025,03-22-2025,New,0.0,3.0,4.0,3.0,,7.6,,,
1414,78,Launch a small online shop,Side Project,Curiosity / fun,26/11/2024,2025/01/13,Abandoned,0.0,3.0,3.0,5.0,3.0,4.9,No,,Overestimated effort required
1415,76,Review and cut subscriptions,FINANCIAL,Obligation / should-do,17 Aug 2023,2024/01/25,CONTINUED,2.8,,3.0,3.0,5.0,3.9,TRUE,2023-10-19,
1416,135,Prototype a small app idea,SIDE PROJECT,Creative expression,03-29-2023,06-18-2023,Started,0.0,4.0,,2.0,1.0,2.3,yes,2023-07-25,
1417,49,Set up automatic savings,FINANCIAL,Creative expression,2023-10-20,2023-11-08,Researched,0.6,2.0,,4.0,3.0,2.8,N,,
1418,56,Redesign a personal art portfolio,creative,Social connection,2024/02/10,02-10-2024,New,0.0,medium,2.0,2.0,1.0,,1,2024-08-07,
1419,80,Learn a card or board game deeply,Hobby,Curiosity / fun,02-09-2023,2023/03/13,Research,0.6,2.0,1.0,5.0,1.0,24.9,Y,2023-06-14,
1420,39,Start a freelance side gig,SIDE PROJECT,Financial security,2023-10-13,12/11/2023,Research,0.8,2.0,3.0,3.0,1.0,9.5,N,,
1421,227,organize digital files,HOME & ADMIN,Curiosity / fun,03/12/2024,2024-12-03,created,0.0,3.0,3.0,5.0,2.0,6.6,FALSE,,
1422,212,Write a long-overdue message,Relationships,Curiosity / fun,25 Jul 2023,16/11/2023,worked on it,2.0,2.0,2.0,4.0,2.0,5.9,Y,2023-12-24,
1423,71,Build a personal dashboard,SIDE PROJECT,Financial security,09-27-2024,2024/10/19,Researched,1.0,3.0,4.0,4.0,2.0,8.0,,,
1424,18,Learn a new design software,CREATIVE ,Creative expression,10/02/2024,05-26-2024,abandoned,0.0,2.0,3.0,3.0,1.0,13.0,0,,Lack of time
1425,53,start a houseplant collection,Hobbies,Obligation / should-do,22 Nov 2024,2024-12-08,Research,4.6,2.0,2.0,1.0,1.0,6.5,False,,
1426,69,Call an old friend,RELATIONSHIPS,Career advancement,12 Feb 2023,08-11-2023,replaced by something else,-0.0,2.0,2.0,3.0,,5.3,N,,Replaced by a different priority
1427,267,Improve sleep schedule,FITNESS & HEALTH,Financial security,01-25-2024,2024-01-25,created,,4.0,4.0,3.0,3.0,9.3,FALSE,,
1428,41,Try a new craft technique,CREATIVE ,Health & wellbeing,06/04/2025,06-09-2025,CONTINUED,3.3,3.0,3.0,4.0,2.0,2.4,FALSE,,
1429,97,Prepare for technical interviews,Career,Creative expression,18 May 2025,2025-07-05,Started,0.0,3.0,1.0,1.0,2.0,4.1,1,2025-07-05,
1430,120,Research flights for a trip, Travel,Health & wellbeing,24 Feb 2025,2025-04-17,Researched,2.7,2.0,,2.0,1.0,11.5,N,,
1431,139,Build a personal dashboard,SideProject,Curiosity / fun,2023/12/19,2024-02-20,abandoned,0.0,2.0,3.0,2.0,3.0,13.9,False,,Blocked by dependency
1432,134,Plan a savings goal,FINANCIAL,Career advancement,2024-12-19,2024-12-19,CREATED,0.0,3.0,,5.0,1.0,21.8,No,,
